Rank,Name,G,GS,GR,GF,W,L,S,HD,IP,ER,R,rRA,TBF,H,2B,3B,HR,BB,HP,IB,SO,ROE,BK,WP,ERA,RA9,rRA9,rRA9pf,FIP,WHIP,Season,Position
1,헥터,30,30,0,1,20,5,0,0,201.2,78,83,83.00,854,221,36,4,21,45,5,1,149,8,0,7,3.48,3.70,3.70,3.71,4.35,1.32,17,P
2,양현종,31,31,0,1,20,6,0,0,193.1,74,88,85.25,808,209,32,2,17,45,0,0,158,15,0,14,3.44,4.10,3.97,4.07,3.93,1.31,17,P
3,팻딘,30,29,1,1,9,7,0,0,176.0,81,86,84.65,770,211,39,3,22,39,16,1,143,7,0,3,4.14,4.40,4.33,4.41,4.61,1.42,17,P
4,임기영,23,19,4,3,8,6,0,0,118.1,48,54,52.80,497,138,25,1,9,18,6,1,73,2,0,2,3.65,4.11,4.02,4.14,4.17,1.32,17,P
5,김윤동,65,1,64,28,7,4,11,6,80.1,41,41,44.45,356,70,8,1,10,47,5,3,66,2,1,7,4.59,4.59,4.98,4.91,5.56,1.46,17,P
6,임창용,51,0,51,23,8,6,7,9,50.0,21,22,25.10,225,51,7,1,3,22,5,2,58,2,0,2,3.78,3.96,4.52,4.50,3.57,1.46,17,P
7,고효준,40,1,39,4,3,1,0,4,40.0,19,19,18.25,186,44,7,1,1,22,5,0,35,3,1,2,4.27,4.27,4.11,3.98,4.41,1.65,17,P
8,임기준,15,4,11,3,0,1,1,2,22.0,8,9,8.70,104,25,3,0,1,15,0,0,12,2,2,0,3.27,3.68,3.56,3.85,5.50,1.82,17,P
9,이민우,4,2,2,1,1,1,0,0,12.2,4,4,4.00,53,14,2,0,2,0,1,0,9,1,0,0,2.84,2.84,2.84,2.73,4.55,1.11,17,P
10,심동섭,52,2,50,6,2,2,2,11,50.2,32,34,30.50,233,64,13,1,6,21,0,4,50,2,0,1,5.68,6.04,5.42,5.61,4.19,1.68,17,P
11,정용운,25,11,14,5,3,2,0,0,59.1,39,41,39.65,271,56,8,0,7,37,7,0,32,6,0,2,5.92,6.22,6.01,6.14,6.56,1.57,17,P
12,김세현,21,0,21,17,0,2,8,0,21.0,8,9,11.55,92,23,4,0,2,4,1,2,21,2,0,1,3.43,3.86,4.95,5.01,3.43,1.29,17,P
13,김명찬,6,0,6,0,0,0,0,1,5.0,2,2,1.65,22,5,0,0,0,2,0,0,2,0,0,0,3.60,3.60,2.97,3.06,4.45,1.40,17,P
14,김종훈,1,0,1,0,0,0,0,0,1.0,4,4,4.00,9,4,1,0,1,2,0,0,2,0,0,1,36.00,36.00,36.00,34.61,17.31,6.00,17,P
15,최영필,2,0,2,1,0,0,0,0,1.1,3,3,3.70,10,5,1,0,0,0,1,0,1,0,0,0,20.25,20.25,24.98,25.59,4.66,3.75,17,P
16,정동현,1,1,0,0,0,1,0,0,2.1,3,3,2.50,14,5,1,0,1,2,0,0,2,0,0,0,11.57,11.57,9.64,11.08,9.82,3.00,17,P
17,박경태,3,0,3,1,0,0,0,0,4.0,4,6,6.00,24,7,2,0,0,3,0,0,3,1,0,1,9.00,13.50,13.50,13.93,4.66,2.50,17,P
18,홍건희,31,2,29,4,1,1,0,0,59.0,42,44,46.60,270,83,17,2,5,21,2,0,41,2,0,7,6.41,6.71,7.11,7.15,4.69,1.76,17,P
19,박진태,38,2,36,10,0,1,3,2,57.2,42,45,45.40,270,76,12,1,5,19,10,3,24,2,0,0,6.55,7.02,7.09,7.25,5.60,1.65,17,P
20,남재현,9,0,9,6,0,0,0,0,7.2,10,11,11.00,48,16,1,0,1,9,0,1,8,0,0,1,11.74,12.91,12.91,12.69,6.79,3.26,17,P
21,박지훈,18,0,18,3,1,1,0,4,14.0,11,12,12.40,66,16,1,1,1,9,1,0,10,1,0,1,7.07,7.71,7.97,8.21,5.49,1.79,17,P
22,김진우,14,8,6,1,2,6,0,0,36.1,32,33,29.90,183,52,7,0,5,23,7,2,21,2,0,5,7.93,8.17,7.41,7.49,6.79,2.06,17,P
23,배힘찬,2,1,1,1,0,1,0,0,3.1,11,11,9.95,21,12,2,0,3,0,0,0,4,0,0,1,29.70,29.70,26.86,27.72,11.92,3.60,17,P
24,김광수,19,0,19,9,1,0,0,0,20.2,27,31,31.65,110,39,13,2,6,3,3,0,10,3,0,1,11.76,13.50,13.78,13.98,7.35,2.03,17,P
25,한승혁,36,0,36,13,1,1,1,3,39.0,31,32,34.70,186,46,10,1,4,23,1,2,42,3,0,10,7.15,7.38,8.01,8.32,4.56,1.77,17,P
26,손영민,15,0,15,2,0,1,0,4,13.1,16,16,15.65,66,26,3,0,4,3,1,0,9,0,0,0,10.80,10.80,10.56,10.89,6.13,2.18,17,P
1,양현종,29,29,0,3,13,11,0,0,184.1,85,88,86.45,772,199,33,0,21,43,2,1,152,5,0,5,4.15,4.30,4.22,4.22,4.40,1.31,18,P
2,헥터,29,29,0,1,11,10,0,0,174.0,89,102,102.00,753,209,31,0,25,36,4,2,137,11,1,4,4.60,5.28,5.28,5.36,4.78,1.41,18,P
3,김윤동,64,0,64,12,7,6,4,18,82.2,34,39,42.10,369,71,13,1,9,54,2,7,79,6,0,7,3.70,4.25,4.58,4.66,5.17,1.51,18,P
4,팻딘,36,21,15,3,6,7,0,2,129.1,90,96,91.40,588,174,29,1,23,27,4,2,101,5,0,3,6.26,6.68,6.36,6.55,5.21,1.55,18,P
5,한승혁,21,19,2,0,7,3,0,0,88.0,57,62,56.35,406,105,18,3,8,44,4,1,65,4,0,16,5.83,6.34,5.76,5.83,5.27,1.69,18,P
6,임창용,37,12,25,10,5,5,4,4,86.1,52,54,56.95,388,92,24,1,16,29,11,1,84,5,0,5,5.42,5.63,5.94,5.91,5.56,1.40,18,P
7,임기영,29,19,10,0,8,9,0,2,105.0,73,79,75.40,491,145,24,0,20,34,12,2,68,3,0,2,6.26,6.77,6.46,6.41,6.29,1.70,18,P
8,임기준,55,0,55,7,5,1,2,8,56.0,22,27,30.10,243,59,5,1,7,23,3,0,45,3,1,3,3.54,4.34,4.84,4.83,5.26,1.46,18,P
9,문경찬,32,0,32,11,0,3,0,0,55.1,29,29,31.35,240,62,13,0,10,17,2,2,46,0,1,3,4.72,4.72,5.10,5.07,5.37,1.43,18,P
10,유승철,39,0,39,13,1,0,1,3,47.1,23,25,27.95,220,49,10,1,5,29,4,3,44,1,0,4,4.37,4.75,5.31,5.28,5.38,1.65,18,P
11,황인준,37,2,35,16,3,1,0,1,52.2,29,31,33.55,229,58,13,1,9,12,6,0,35,3,0,0,4.96,5.30,5.73,5.65,5.78,1.33,18,P
12,박준표,1,0,1,0,0,0,0,0,2.0,0,0,0.00,8,0,0,0,0,2,0,0,2,0,0,0,0.00,0.00,0.00,0.00,4.95,1.00,18,P
13,정용운,3,3,0,0,1,0,0,0,10.0,7,7,6.65,45,10,0,0,1,8,0,0,5,0,0,1,6.30,6.30,5.99,5.71,6.77,1.80,18,P
14,전상현,5,2,3,0,0,0,0,0,10.1,7,7,7.20,55,19,4,0,1,5,0,0,7,0,0,0,6.10,6.10,6.27,6.08,5.31,2.32,18,P
15,김유신,10,2,8,4,0,0,0,0,13.0,14,14,11.10,57,13,2,1,0,6,1,0,6,0,0,0,9.69,9.69,7.68,8.01,4.86,1.46,18,P
16,박경태,4,0,4,2,0,0,0,0,6.1,4,5,6.90,29,7,2,0,0,2,1,0,6,1,0,1,5.68,7.11,9.81,8.53,3.45,1.42,18,P
17,고영창,2,0,2,0,0,0,0,0,0.0,6,6,4.30,6,4,2,0,0,1,1,0,0,0,0,0,99.99,99.99,121.74,106.36,6204.35,99.99,18,P
18,윤석민,28,3,25,20,0,8,11,0,40.0,30,32,33.70,182,55,13,0,9,10,0,2,29,3,0,5,6.75,7.20,7.58,7.53,5.83,1.63,18,P
19,심동섭,7,0,7,2,0,0,0,1,5.2,4,4,5.40,27,7,4,0,0,3,0,0,5,0,0,0,6.35,6.35,8.58,8.71,3.78,1.76,18,P
20,김세현,40,0,40,24,1,6,4,0,40.0,30,32,30.55,191,56,13,2,4,17,2,4,32,3,0,1,6.75,7.20,6.87,6.98,4.85,1.83,18,P
21,하준영,15,0,15,4,0,0,0,0,14.2,15,15,15.90,67,16,0,0,3,8,1,0,12,0,0,3,9.20,9.20,9.76,10.30,6.64,1.64,18,P
22,이민우,30,2,28,6,2,3,0,4,37.2,30,34,32.05,188,52,6,2,4,23,5,0,28,2,0,2,7.17,8.12,7.66,7.59,6.06,1.99,18,P
23,박정수,11,0,11,2,0,0,0,0,13.1,17,18,16.10,66,17,4,2,2,5,3,0,16,1,0,0,11.48,12.15,10.87,10.36,4.99,1.65,18,P
24,홍건희,11,1,10,4,0,1,0,0,16.2,19,20,22.55,88,32,8,1,4,7,1,1,13,1,0,0,10.26,10.80,12.18,12.30,6.56,2.34,18,P
1,양현종,29,29,0,2,16,8,0,0,184.2,47,56,54.95,731,165,32,1,6,33,2,0,163,6,0,1,2.29,2.73,2.68,2.64,2.58,1.07,19,P
2,윌랜드,28,28,0,0,8,10,0,0,165.0,87,95,91.55,726,191,41,1,17,59,5,1,137,9,0,4,4.75,5.18,4.99,4.95,4.14,1.52,19,P
3,문경찬,54,0,54,43,1,2,24,0,55.0,8,9,16.05,217,45,9,1,2,10,0,1,50,1,0,0,1.31,1.47,2.63,2.51,2.48,1.00,19,P
4,전상현,57,0,57,15,1,4,0,15,60.2,21,21,18.25,245,45,8,1,3,21,2,2,62,1,0,2,3.12,3.12,2.71,2.69,2.92,1.09,19,P
5,박준표,49,0,49,6,5,2,0,15,56.0,13,15,16.60,210,42,5,1,4,6,4,1,30,1,0,1,2.09,2.41,2.67,2.71,3.82,0.86,19,P
6,김기훈,19,16,3,0,3,6,0,0,79.1,49,55,50.00,368,64,15,2,11,65,9,0,49,3,0,5,5.56,6.24,5.67,5.50,6.81,1.63,19,P
7,임기준,52,0,52,10,2,2,0,6,36.2,14,17,15.15,162,32,5,0,1,16,4,0,24,4,0,2,3.44,4.17,3.72,3.77,4.19,1.31,19,P
8,차명진,9,6,3,1,3,1,0,0,33.0,16,17,15.80,151,35,9,0,1,18,2,0,19,1,0,3,4.36,4.64,4.31,4.31,4.61,1.61,19,P
9,터너,28,28,0,1,7,13,0,0,153.1,93,107,104.95,714,179,34,3,12,58,17,0,121,20,0,14,5.46,6.28,6.16,6.24,4.28,1.55,19,P
10,고영창,55,0,55,8,1,3,1,10,54.0,21,22,31.25,243,63,8,3,2,14,8,2,22,7,0,2,3.50,3.67,5.21,5.16,4.38,1.43,19,P
11,임기영,12,8,4,2,2,4,0,0,48.2,31,33,32.15,225,67,14,1,7,19,2,0,37,2,0,0,5.73,6.10,5.95,6.18,4.96,1.77,19,P
12,박진태,2,2,0,0,0,1,0,0,8.1,4,4,3.65,42,10,1,0,0,6,3,0,5,0,0,0,4.32,4.32,3.94,4.42,5.66,1.92,19,P
13,황인준,5,2,3,1,0,0,0,0,11.1,8,8,8.50,53,14,5,1,2,5,0,1,11,0,0,2,6.35,6.35,6.75,6.67,4.85,1.68,19,P
14,김윤동,11,0,11,8,1,2,4,0,11.0,8,8,6.50,55,12,1,1,1,11,0,2,12,0,0,1,6.55,6.55,5.32,4.97,4.70,2.09,19,P
15,홍건희,21,14,7,4,2,9,0,0,81.2,65,70,65.70,381,112,20,1,12,33,3,0,52,3,0,7,7.16,7.71,7.24,7.08,5.33,1.78,19,P
16,하준영,59,0,59,8,6,2,0,15,52.2,29,31,33.30,243,59,9,1,5,31,0,2,51,2,0,1,4.96,5.30,5.69,5.71,4.28,1.71,19,P
17,이민우,32,6,26,13,2,6,1,2,61.1,37,42,42.30,283,74,11,2,4,26,4,1,56,2,0,3,5.43,6.16,6.21,6.33,3.82,1.63,19,P
18,김승범,1,0,1,1,0,0,0,0,1.0,2,2,2.00,8,4,1,0,0,1,0,0,0,0,0,0,18.00,18.00,18.00,17.77,6.91,5.00,19,P
19,유승철,3,0,3,1,0,0,0,0,4.0,5,5,4.30,20,4,0,0,2,2,2,0,5,0,0,0,11.25,11.25,9.68,8.33,9.73,1.50,19,P
20,박정수,3,0,3,1,0,0,0,0,5.0,7,7,7.35,27,10,2,0,0,4,1,0,2,0,0,0,12.60,12.60,13.23,13.95,5.91,2.80,19,P
21,강이준,3,3,0,0,0,2,0,0,9.0,11,11,10.65,53,14,4,0,1,9,2,1,3,0,0,0,11.00,11.00,10.65,11.03,8.09,2.56,19,P
22,장지수,13,0,13,6,0,0,0,0,16.1,14,16,18.10,80,23,2,1,2,7,2,0,6,1,1,1,7.71,8.82,9.97,9.44,6.06,1.84,19,P
23,이준영,37,1,36,8,1,0,0,1,51.0,36,42,41.85,244,64,7,2,3,26,2,2,43,6,1,0,6.35,7.41,7.39,7.50,4.10,1.76,19,P
24,김세현,10,0,10,1,0,2,0,0,8.2,6,8,9.40,48,11,4,0,0,9,2,1,5,2,0,0,6.23,8.31,9.76,10.12,5.94,2.31,19,P
25,양승철,11,1,10,4,1,1,0,0,16.1,22,22,22.70,85,23,10,1,3,15,0,0,11,0,0,2,12.12,12.12,12.51,13.06,7.16,2.33,19,P
1,브룩스,23,23,0,1,11,4,0,0,151.1,42,43,42.15,586,131,18,0,4,24,3,0,130,8,1,3,2.50,2.56,2.51,2.56,2.72,1.02,20,P
2,양현종,31,31,0,0,11,10,0,0,172.1,90,99,92.85,746,180,40,4,13,64,5,0,149,6,0,7,4.70,5.17,4.85,4.74,3.97,1.42,20,P
3,가뇽,28,28,0,0,11,8,0,0,159.2,77,86,82.60,702,162,33,8,7,64,9,0,141,9,0,13,4.34,4.85,4.66,4.61,3.73,1.42,20,P
4,임기영,25,25,0,0,9,10,0,0,127.2,73,80,74.15,559,152,26,3,12,33,9,0,106,3,1,3,5.15,5.64,5.23,5.10,4.06,1.45,20,P
5,박준표,50,0,50,15,7,1,6,11,51.2,9,16,17.55,205,41,3,0,3,8,0,2,44,6,0,2,1.57,2.79,3.06,3.01,2.92,0.95,20,P
6,전상현,47,0,47,24,2,2,15,13,47.2,13,21,21.00,198,35,6,1,4,22,0,0,64,4,0,2,2.45,3.97,3.97,4.01,3.07,1.20,20,P
7,정해영,47,0,47,14,5,4,1,11,38.1,14,15,18.90,172,41,5,1,2,24,2,2,32,1,0,7,3.29,3.52,4.44,4.53,4.47,1.70,20,P
8,홍상삼,57,0,57,4,4,5,0,17,48.0,27,27,26.30,229,32,11,0,5,54,3,0,61,0,0,8,5.06,5.06,4.93,4.81,5.74,1.79,20,P
9,이민우,22,22,0,0,6,10,0,0,106.0,80,87,84.60,486,129,20,4,11,47,6,0,67,8,0,4,6.79,7.39,7.18,7.33,5.20,1.66,20,P
10,김기훈,22,7,15,6,0,4,0,1,52.0,31,35,36.05,238,58,11,1,8,31,2,0,39,3,0,3,5.37,6.06,6.24,6.39,5.92,1.71,20,P
11,문경찬,25,0,25,20,0,2,10,0,24.0,14,15,15.35,109,29,5,1,6,6,2,0,26,0,0,0,5.25,5.63,5.76,5.55,5.30,1.46,20,P
12,이준영,48,0,48,1,0,2,0,13,23.2,14,14,17.05,113,31,5,1,1,13,0,0,22,1,0,3,5.32,5.32,6.48,6.38,3.88,1.86,20,P
13,김현수,15,4,11,3,1,2,0,0,32.1,26,27,28.40,167,41,7,3,3,31,2,0,19,2,0,1,7.24,7.52,7.91,7.84,6.79,2.23,20,P
14,박정수,7,0,7,3,0,0,0,1,7.1,3,3,2.65,28,5,2,1,1,4,1,0,5,0,0,0,3.68,3.68,3.25,3.42,6.03,1.23,20,P
15,홍건희,10,0,10,7,0,0,0,0,12.0,8,8,8.15,48,11,2,2,3,2,0,0,9,0,0,0,6.00,6.00,6.11,5.99,5.61,1.08,20,P
16,황인준,3,0,3,2,0,0,0,0,4.0,2,2,2.50,18,6,1,0,1,2,0,0,1,0,0,0,4.50,4.50,5.63,5.41,7.90,2.00,20,P
17,황윤호,1,0,1,1,0,0,0,0,0.1,0,0,0.00,1,0,0,0,0,0,0,0,0,0,0,0,0.00,0.00,0.00,0.00,4.00,0.00,20,3B
18,김재열,14,0,14,3,0,1,0,2,17.1,14,16,12.75,89,23,6,0,3,12,3,1,13,1,0,0,7.27,8.31,6.62,7.04,6.68,2.02,20,P
19,김승범,1,0,1,0,0,0,0,0,1.0,1,1,1.00,5,1,0,0,0,2,0,0,0,0,0,1,9.00,9.00,9.00,8.85,10.20,3.00,20,P
20,차명진,1,0,1,0,0,0,0,0,0.1,5,5,3.45,6,3,0,0,0,0,2,0,0,0,0,0,99.99,99.99,93.15,87.66,22.60,9.00,20,P
21,서덕원,11,0,11,8,0,0,0,0,12.2,12,12,12.00,59,14,2,0,5,4,3,0,6,0,0,1,8.53,8.53,8.53,8.32,9.22,1.42,20,P
22,남재현,8,0,8,5,0,0,0,0,15.2,7,12,14.25,79,20,5,1,1,11,1,0,8,3,0,0,4.02,6.89,8.19,7.83,5.85,1.98,20,P
23,변시원,4,0,4,0,1,0,0,0,5.0,2,4,5.55,25,8,1,0,0,3,0,0,1,1,0,0,3.60,7.20,9.99,9.55,5.36,2.20,20,P
24,김명찬,21,0,21,3,0,1,0,1,8.2,6,7,9.40,54,13,3,0,2,12,2,0,11,1,0,4,6.23,7.27,9.76,10.08,8.58,2.88,20,P
25,양승철,15,1,14,2,0,0,0,0,28.2,25,26,26.35,144,41,9,0,4,24,3,0,13,2,0,3,7.85,8.16,8.27,8.51,7.44,2.27,20,P
26,김현준,15,0,15,4,1,0,0,1,14.1,20,20,19.35,76,20,5,2,2,13,1,1,12,0,0,0,12.56,12.56,12.15,11.47,6.37,2.30,20,P
27,박진태,12,0,12,4,0,0,0,0,18.2,27,27,27.35,105,32,7,0,9,16,4,0,14,1,0,0,13.02,13.02,13.19,12.72,11.18,2.57,20,P
28,고영창,48,0,48,12,1,1,1,2,58.0,44,46,53.85,275,88,19,0,3,17,5,2,23,5,2,6,6.83,7.14,8.36,8.45,4.74,1.81,20,P
29,장현식,28,3,25,2,3,4,0,6,31.1,39,41,39.45,159,52,13,1,7,16,2,0,22,1,0,8,11.20,11.78,11.33,11.63,6.68,2.17,20,P
1,멩덴,21,21,0,0,8,3,0,0,120.0,48,53,51.95,502,109,18,2,12,35,8,0,104,7,3,2,3.60,3.97,3.90,3.95,3.90,1.20,21,P
2,임기영,28,28,0,0,8,8,0,0,153.0,83,85,78.95,662,155,29,1,15,45,11,0,129,7,2,6,4.88,5.00,4.64,4.54,3.96,1.31,21,P
3,이의리,19,19,0,0,4,5,0,0,94.2,38,42,41.00,404,69,11,0,6,56,2,0,93,6,0,5,3.61,3.99,3.90,3.79,3.96,1.32,21,P
4,정해영,64,0,64,58,5,4,34,0,65.1,16,18,22.80,272,49,10,0,5,28,4,1,49,2,0,1,2.20,2.48,3.14,3.10,4.27,1.18,21,P
5,장현식,69,0,69,5,1,5,1,34,76.2,28,28,29.40,336,67,7,1,7,42,3,1,80,3,0,8,3.29,3.29,3.45,3.48,4.06,1.42,21,P
6,브룩스,13,13,0,0,3,5,0,0,78.0,29,34,32.10,333,93,12,1,4,16,1,0,55,4,0,0,3.35,3.92,3.70,3.77,3.29,1.40,21,P
7,윤중현,30,13,17,6,5,6,0,2,82.2,36,44,42.60,373,91,7,1,7,31,14,0,33,10,0,2,3.92,4.79,4.64,4.76,5.46,1.48,21,P
8,다카하시,7,7,0,0,1,3,0,0,36.2,20,22,22.00,168,46,4,0,4,12,4,0,46,2,0,4,4.91,5.40,5.40,5.40,3.28,1.58,21,P
9,전상현,15,0,15,0,1,0,0,7,13.0,5,6,5.15,59,15,3,0,1,6,0,0,8,0,0,1,3.46,4.15,3.57,3.60,4.57,1.62,21,P
10,한승혁,8,5,3,2,0,3,0,0,23.2,12,15,14.50,103,25,5,1,0,10,2,0,17,4,0,2,4.56,5.70,5.51,5.53,3.54,1.48,21,P
11,김재열,24,0,24,10,1,0,0,0,32.2,14,18,19.55,152,28,4,0,4,18,4,0,18,5,2,1,3.86,4.96,5.39,5.45,5.93,1.41,21,P
12,장지수,9,0,9,5,0,0,0,0,14.1,5,6,6.00,67,9,2,0,1,13,3,0,5,1,0,1,3.14,3.77,3.77,3.78,7.19,1.53,21,P
13,장민기,21,0,21,7,2,1,0,2,23.1,9,11,14.75,114,13,3,1,1,29,4,0,22,1,0,2,3.47,4.24,5.69,5.51,6.30,1.80,21,P
14,박건우,3,0,3,2,0,0,0,0,3.0,0,0,0.00,11,2,0,0,0,1,1,0,3,0,0,0,0.00,0.00,0.00,0.00,3.33,1.00,21,P
15,김현준,19,0,19,7,0,1,0,2,19.2,12,13,11.80,83,15,1,0,4,12,0,0,19,0,0,0,5.49,5.95,5.40,5.19,5.66,1.37,21,P
16,박진태,59,0,59,10,3,3,0,9,65.0,43,44,44.90,305,68,10,0,6,36,13,0,45,3,0,5,5.95,6.09,6.22,6.12,5.47,1.60,21,P
17,이준영,50,1,49,4,3,2,1,9,35.2,22,25,24.70,159,30,5,0,3,19,0,1,26,5,0,3,5.55,6.31,6.23,6.47,4.51,1.37,21,P
18,최정용,1,0,1,1,0,0,0,0,0.1,0,0,1.55,2,1,0,1,0,0,0,0,0,0,0,0,0.00,0.00,41.85,44.31,3.77,3.00,21,2B
19,황윤호,1,0,1,1,0,0,0,0,0.2,0,1,1.70,4,2,0,0,0,0,0,0,0,0,0,0,0.00,13.50,22.95,21.79,3.77,3.00,21,3B
20,변시원,1,0,1,0,0,0,0,0,0.2,2,2,1.50,7,1,0,0,0,3,1,0,0,0,0,0,27.00,27.00,20.25,20.31,22.37,6.00,21,P
21,차명진,4,3,1,0,0,1,0,0,10.2,9,9,8.65,57,12,3,0,1,13,1,0,6,0,0,0,7.59,7.59,7.30,7.76,7.54,2.34,21,P
22,남재현,5,1,4,2,0,1,0,1,8.0,13,13,12.50,44,10,2,0,2,10,0,0,5,0,0,1,14.63,14.63,14.06,13.07,9.05,2.50,21,P
23,고영창,24,0,24,1,0,2,0,6,23.1,15,19,18.35,108,30,6,0,0,10,2,0,6,3,0,0,5.79,7.33,7.08,6.92,4.72,1.71,21,P
24,홍상삼,49,0,49,3,4,1,0,12,36.0,19,19,26.20,160,33,9,0,6,19,3,2,33,0,0,4,4.75,4.75,6.55,6.49,5.18,1.44,21,P
25,최용준,3,2,1,0,0,1,0,0,6.1,10,10,8.45,39,11,4,1,3,7,1,0,6,1,0,0,14.21,14.21,12.01,11.89,10.95,2.84,21,P
26,박준표,32,0,32,2,2,4,0,4,32.0,21,24,22.50,158,42,9,1,3,17,9,0,18,2,0,0,5.91,6.75,6.33,6.37,5.99,1.84,21,P
27,김유신,15,11,4,1,2,6,0,0,54.1,46,47,46.15,249,63,12,1,11,35,2,0,29,2,0,0,7.62,7.79,7.64,7.79,6.95,1.80,21,P
28,이승재,25,0,25,1,2,1,0,5,24.0,20,20,19.45,118,26,2,0,5,18,3,0,17,0,1,3,7.50,7.50,7.29,7.18,7.19,1.83,21,P
29,서덕원,24,0,24,8,1,0,0,1,32.2,27,28,29.05,148,36,8,1,7,14,0,0,24,2,0,5,7.44,7.71,8.00,7.84,5.81,1.53,21,P
30,김현수,17,8,9,7,1,4,0,0,45.2,40,43,42.55,229,57,16,0,8,36,3,0,27,1,0,1,7.88,8.47,8.39,8.33,7.02,2.04,21,P
31,이민우,16,12,4,1,1,6,0,0,57.0,51,53,51.25,275,78,12,3,8,31,5,0,28,3,1,2,8.05,8.37,8.09,8.28,6.17,1.91,21,P
1,놀린,21,21,0,0,8,8,0,0,124.0,34,41,40.00,512,115,19,2,7,24,8,1,108,9,1,4,2.47,2.98,2.90,2.96,3.05,1.12,22,P
2,양현종,30,30,0,0,12,7,0,0,175.1,75,86,85.15,743,170,33,3,14,50,3,1,141,11,0,3,3.85,4.41,4.37,4.44,3.66,1.25,22,P
3,파노니,14,14,0,0,3,4,0,0,82.2,25,33,29.40,348,78,6,1,5,24,2,0,73,7,0,5,2.72,3.59,3.20,3.28,3.27,1.23,22,P
4,임기영,26,23,3,1,4,13,1,0,129.1,61,63,60.55,555,137,25,1,18,36,5,1,82,0,0,2,4.24,4.38,4.21,4.26,4.81,1.34,22,P
5,이의리,29,28,1,0,10,10,0,0,154.0,66,79,78.80,671,128,26,4,18,74,9,0,161,10,0,7,3.86,4.62,4.61,4.68,4.23,1.31,22,P
6,이준영,75,0,75,8,1,1,1,17,46.1,15,17,16.20,202,41,8,0,3,26,0,3,42,5,0,0,2.91,3.30,3.15,3.19,3.89,1.45,22,P
7,정해영,55,0,55,47,3,7,32,0,56.0,21,21,22.05,238,54,12,1,3,18,0,1,43,4,0,0,3.38,3.38,3.54,3.62,3.44,1.29,22,P
8,전상현,50,0,50,6,5,5,2,16,46.1,17,20,18.65,195,42,10,0,2,16,0,2,53,3,0,2,3.30,3.88,3.62,3.65,2.37,1.25,22,P
9,장현식,54,0,54,5,2,3,1,19,52.0,18,20,23.30,233,54,11,2,4,26,1,3,40,3,0,4,3.12,3.46,4.03,4.07,4.21,1.54,22,P
10,김기훈,5,0,5,0,0,0,0,0,8.2,1,1,1.00,36,4,0,0,0,7,0,0,9,0,0,0,1.04,1.04,1.04,1.01,3.69,1.27,22,P
11,고영창,27,0,27,10,0,1,0,0,24.0,5,5,11.65,104,24,3,0,2,10,3,0,9,0,0,0,1.88,1.88,4.37,4.47,5.52,1.42,22,P
12,장지수,1,0,1,0,0,0,0,0,2.0,0,0,0.00,9,2,0,0,0,1,0,0,1,0,0,1,0.00,0.00,0.00,0.00,4.08,1.50,22,P
13,이승재,1,0,1,0,0,0,0,0,1.0,0,0,0.00,4,0,0,0,0,0,1,0,1,0,0,0,0.00,0.00,0.00,0.00,4.38,0.00,22,P
14,한승혁,24,16,8,2,4,3,0,0,80.1,47,52,52.55,376,100,13,3,4,40,6,0,69,5,0,6,5.27,5.83,5.89,5.97,4.00,1.74,22,P
15,김현수,1,0,1,1,0,0,0,0,2.0,1,1,1.00,9,3,1,0,0,1,0,0,1,0,0,0,4.50,4.50,4.50,4.19,4.08,2.00,22,P
16,장재혁,3,0,3,2,0,0,0,0,3.0,2,2,2.00,15,3,0,0,0,3,0,0,4,0,0,2,6.00,6.00,6.00,6.16,3.55,2.00,22,P
17,홍상삼,24,0,24,6,2,1,0,1,21.2,14,16,14.65,100,19,7,0,3,15,1,0,19,2,0,1,5.82,6.65,6.09,6.17,5.53,1.57,22,P
18,송후섭,1,0,1,0,0,0,0,0,0.1,6,6,5.30,7,4,1,0,0,1,1,0,0,0,0,0,99.99,99.99,143.10,133.34,22.38,15.00,22,P
19,로니,10,9,1,0,3,3,0,0,44.1,29,36,32.40,208,47,7,1,7,28,3,0,32,4,1,2,5.89,7.31,6.58,6.70,6.03,1.69,22,P
20,김도현,4,2,2,1,0,1,0,0,10.2,7,7,6.50,48,14,1,0,2,5,0,0,11,0,0,0,5.91,5.91,5.48,5.08,4.89,1.78,22,P
21,윤중현,47,0,47,4,3,1,0,5,53.2,30,32,30.65,240,63,8,0,4,14,5,0,27,5,0,1,5.03,5.37,5.14,5.28,4.51,1.43,22,P
22,김유신,10,0,10,1,1,0,0,0,14.2,10,11,10.55,70,9,4,0,3,16,0,0,9,1,0,0,6.14,6.75,6.47,6.47,8.07,1.70,22,P
23,최지민,6,0,6,3,0,0,0,0,6.0,9,9,8.65,36,12,2,0,1,5,1,0,7,0,0,1,13.50,13.50,12.98,13.32,5.95,2.83,22,P
24,이민우,1,1,0,0,0,1,0,0,4.0,7,7,7.00,24,10,1,0,0,3,2,0,1,0,0,0,15.75,15.75,15.75,14.68,7.03,3.25,22,P
25,김현준,12,0,12,7,0,1,0,0,14.2,9,14,15.00,72,19,7,0,0,5,2,2,9,3,0,0,5.52,8.59,9.20,9.50,3.31,1.64,22,P
26,남하준,11,0,11,6,1,1,0,1,10.1,10,11,12.00,55,18,4,0,4,6,1,0,6,0,0,1,8.71,9.58,10.45,10.56,9.04,2.32,22,P
27,박준표,34,0,34,6,1,0,0,8,23.1,14,15,16.55,112,27,4,0,4,10,8,3,11,1,0,0,5.40,5.79,6.38,6.62,6.64,1.59,22,P
28,김정빈,31,0,31,7,3,0,0,2,27.0,21,21,22.40,128,23,5,2,2,24,4,0,23,0,0,3,7.00,7.00,7.47,7.61,5.75,1.74,22,P
29,김재열,47,0,47,15,1,2,1,5,43.0,29,33,32.15,193,45,10,2,5,22,1,2,36,3,0,3,6.07,6.91,6.73,6.82,4.66,1.56,22,P
30,유승철,21,0,21,6,3,0,0,0,19.0,16,20,22.90,93,21,5,0,5,16,0,1,14,1,0,8,7.58,9.47,10.85,10.44,7.52,1.95,22,P
1,양현종,29,29,0,0,9,11,0,0,171.0,68,78,76.45,729,181,33,1,13,48,1,1,133,9,0,5,3.58,4.11,4.02,4.13,3.70,1.34,23,P
2,이의리,28,28,0,0,11,7,0,0,131.2,58,64,57.45,598,103,18,0,4,93,8,1,156,12,0,10,3.96,4.37,3.93,4.05,3.63,1.49,23,P
3,윤영철,25,24,1,0,8,7,0,0,122.2,55,59,56.05,528,124,27,3,10,48,1,1,74,5,1,4,4.04,4.33,4.11,4.21,4.55,1.40,23,P
4,파노니,16,15,1,0,6,3,0,0,82.1,39,41,36.90,351,86,14,1,6,23,2,0,66,4,0,0,4.26,4.48,4.03,4.06,3.65,1.32,23,P
5,임기영,64,0,64,9,4,4,3,16,82.0,27,29,30.95,324,56,8,3,6,19,6,1,57,2,0,1,2.96,3.18,3.40,3.48,3.93,0.91,23,P
6,전상현,64,0,64,8,8,3,1,13,58.2,14,20,21.25,250,50,8,0,1,26,1,4,50,4,0,3,2.15,3.07,3.26,3.28,3.30,1.30,23,P
7,앤더슨,14,14,0,0,4,7,0,0,79.0,33,42,39.05,336,76,12,3,6,26,2,0,64,8,0,10,3.76,4.78,4.45,4.53,3.83,1.29,23,P
8,정해영,52,0,52,40,3,4,23,1,49.1,16,18,19.55,218,53,9,1,3,20,1,3,30,2,0,0,2.92,3.28,3.57,3.59,4.25,1.48,23,P
9,이준영,64,0,64,4,1,0,0,10,33.2,12,12,12.65,149,26,3,1,0,23,2,2,30,3,0,1,3.21,3.21,3.38,3.46,3.74,1.46,23,P
10,최지민,58,0,58,15,6,3,3,12,59.1,14,17,29.40,244,45,4,2,4,26,4,1,44,5,0,5,2.12,2.58,4.46,4.56,4.31,1.20,23,P
11,장현식,56,0,56,17,2,2,3,5,51.0,23,26,26.45,226,58,8,0,6,26,1,1,44,1,0,1,4.06,4.59,4.67,4.81,4.67,1.65,23,P
12,윤중현,31,0,31,10,2,1,0,0,28.0,12,13,13.20,115,29,3,0,2,10,1,1,8,2,0,0,3.86,4.18,4.24,4.38,5.09,1.39,23,P
13,김승현,10,0,10,5,0,0,0,0,12.2,6,6,6.00,57,11,2,0,1,10,1,0,7,1,0,1,4.26,4.26,4.26,4.41,6.10,1.66,23,P
14,산체스,12,11,1,1,4,4,0,0,63.2,42,46,43.60,285,79,19,1,7,15,4,1,59,3,1,1,5.94,6.50,6.16,6.10,3.77,1.48,23,P
15,김건국,6,5,1,1,0,1,0,0,16.0,12,12,11.15,70,18,6,1,0,4,1,0,9,0,0,0,6.75,6.75,6.27,6.69,3.41,1.38,23,P
16,유승철,1,0,1,1,0,0,0,0,1.0,0,0,0.00,4,0,0,0,0,1,0,0,0,0,0,0,0.00,0.00,0.00,0.00,6.95,1.00,23,P
17,박준표,33,0,33,3,1,0,0,3,28.0,14,16,17.35,118,28,3,1,3,9,0,1,13,2,0,1,4.50,5.14,5.58,5.58,4.96,1.32,23,P
18,김대유,41,0,41,4,0,2,0,4,24.2,14,15,15.00,110,26,1,1,2,8,6,1,20,1,0,0,5.11,5.47,5.47,5.62,4.42,1.38,23,P
19,메디나,12,12,0,0,2,6,0,0,58.0,39,42,39.25,269,64,16,1,6,29,9,0,36,2,1,5,6.05,6.52,6.09,6.33,5.56,1.60,23,P
20,황동하,13,6,7,1,0,3,0,0,31.1,23,25,22.95,149,35,6,3,5,21,1,0,19,2,0,1,6.61,7.18,6.59,6.82,6.41,1.79,23,P
21,곽도규,14,0,14,2,0,0,0,0,11.2,11,11,11.00,61,14,2,0,0,10,2,0,14,0,0,1,8.49,8.49,8.49,8.64,4.04,2.06,23,P
22,김유신,27,0,27,9,0,1,0,2,30.1,19,19,22.60,141,34,8,0,2,19,3,0,12,1,0,0,5.64,5.64,6.71,6.70,5.89,1.75,23,P
23,김기훈,29,0,29,12,2,0,0,0,31.1,16,22,23.55,156,28,6,1,0,37,2,1,26,3,1,5,4.60,6.32,6.76,6.99,5.53,2.07,23,P
24,김재열,9,0,9,2,0,0,0,0,11.2,17,17,18.20,70,20,4,1,2,13,0,0,9,3,0,0,13.11,13.11,14.04,13.82,7.42,2.83,23,P
1,네일,4,4,0,0,3,0,0,0,24.2,3,4,4.00,99,24,4,0,1,0,2,0,30,1,0,0,1.09,1.46,1.46,1.44,1.84,0.97,24,P
2,양현종,4,4,0,0,1,1,0,0,22.2,10,10,9.50,101,20,7,0,2,10,2,0,16,2,0,1,3.97,3.97,3.77,3.71,5.07,1.32,24,P
3,전상현,12,0,12,1,2,1,0,6,11.0,3,3,2.65,40,8,1,0,0,0,0,0,6,0,0,0,2.45,2.45,2.17,2.31,2.78,0.73,24,P
4,윤영철,3,3,0,0,2,0,0,0,14.2,5,6,5.00,66,12,2,0,0,8,0,0,13,3,0,0,3.07,3.68,3.07,3.19,3.62,1.36,24,P
5,최지민,11,0,11,2,0,1,2,4,10.2,1,2,2.70,45,6,1,0,0,6,1,0,9,1,0,3,0.84,1.69,2.28,2.35,4.07,1.13,24,P
6,곽도규,12,0,12,0,0,0,0,4,9.0,0,1,1.00,37,6,1,0,0,5,0,0,15,0,0,2,0.00,1.00,1.00,1.07,1.70,1.22,24,P
7,장현식,11,0,11,0,0,0,0,4,10.1,1,3,2.80,44,8,3,0,1,5,0,0,15,2,0,1,0.87,2.61,2.44,2.52,3.17,1.26,24,P
8,정해영,9,0,9,9,0,1,8,0,9.0,3,3,3.00,39,10,0,0,2,2,0,0,10,0,0,0,3.00,3.00,3.00,2.90,4.70,1.33,24,P
9,크로우,4,4,0,0,3,1,0,0,21.0,9,12,11.50,89,19,4,0,2,8,0,1,21,1,0,0,3.86,5.14,4.93,5.29,3.81,1.29,24,P
10,이준영,7,0,7,1,1,0,0,1,3.1,0,0,0.85,12,0,0,0,0,0,1,0,3,1,0,0,0.00,0.00,2.30,2.36,2.83,0.00,24,P
11,이의리,3,3,0,0,1,0,0,0,10.1,5,7,7.00,55,13,3,0,1,11,0,0,14,1,0,0,4.35,6.10,6.10,6.27,5.21,2.32,24,P
12,임기영,2,0,2,0,1,0,0,0,1.1,0,0,0.50,7,0,0,0,0,3,0,0,2,0,0,0,0.00,0.00,3.38,3.60,7.37,2.25,24,P
13,김건국,4,1,3,0,0,0,0,0,7.2,6,7,5.95,33,9,3,0,1,2,0,0,4,0,0,1,7.04,8.22,6.98,7.10,5.20,1.43,24,P
14,김사윤,1,0,1,0,0,0,0,0,0.2,0,4,2.80,6,3,0,0,0,1,1,0,0,0,0,0,0.00,54.00,37.80,36.92,13.45,6.00,24,P
15,박준표,2,0,2,0,0,0,0,0,0.2,2,2,1.65,7,4,1,0,0,0,1,0,0,0,0,0,27.00,27.00,22.27,21.76,8.80,6.00,24,P
16,황동하,3,0,3,3,0,0,0,0,4.0,0,4,4.85,21,3,1,0,0,5,1,0,3,1,0,1,0.00,9.00,10.91,10.00,6.92,2.00,24,P
17,김대유,4,0,4,1,0,0,0,0,2.2,5,5,4.50,15,5,1,0,2,2,0,0,3,0,0,0,16.88,16.88,15.19,15.79,12.58,2.63,24,P
18,이형범,4,0,4,0,0,0,0,1,2.2,2,3,3.50,15,4,1,0,0,1,2,0,1,1,0,0,6.75,10.13,11.81,12.60,6.70,1.88,24,P
19,윤중현,5,0,5,2,0,0,0,0,2.1,5,6,8.25,19,5,1,0,1,6,1,1,1,1,0,0,19.29,23.14,31.82,32.61,16.15,4.71,24,P
