,구장,원정팀,A,홈팀,B,result,승리팀,year,month,day,weekday,code
4,고척,삼성,1.0,키움,6.0,5.0,키움,2021,04,03,토,20210403삼키
5,잠실,기아,1.0,두산,4.0,3.0,두산,2021,04,04,일,20210404기두
6,문학,롯데,3.0,SK,5.0,2.0,SK,2021,04,04,일,20210404롯S
7,창원,LG,2.0,NC,1.0,-1.0,LG,2021,04,04,일,20210404LN
8,수원,한화,2.0,KT,3.0,1.0,KT,2021,04,04,일,20210404한K
9,고척,삼성,4.0,키움,7.0,3.0,키움,2021,04,04,일,20210404삼키
10,잠실,삼성,3.0,두산,6.0,3.0,두산,2021,04,06,화,20210406삼두
11,문학,한화,1.0,SK,2.0,1.0,SK,2021,04,06,화,20210406한S
12,창원,롯데,10.0,NC,5.0,-5.0,롯데,2021,04,06,화,20210406롯N
13,수원,LG,3.0,KT,2.0,-1.0,LG,2021,04,06,화,20210406LK
14,고척,기아,5.0,키움,4.0,-1.0,기아,2021,04,06,화,20210406기키
15,잠실,삼성,0.0,두산,1.0,1.0,두산,2021,04,07,수,20210407삼두
16,문학,한화,17.0,SK,0.0,-17.0,한화,2021,04,07,수,20210407한S
17,창원,롯데,6.0,NC,10.0,4.0,NC,2021,04,07,수,20210407롯N
18,수원,LG,3.0,KT,7.0,4.0,KT,2021,04,07,수,20210407LK
19,고척,기아,8.0,키움,7.0,-1.0,기아,2021,04,07,수,20210407기키
20,잠실,삼성,6.0,두산,1.0,-5.0,삼성,2021,04,08,목,20210408삼두
21,문학,한화,4.0,SK,6.0,2.0,SK,2021,04,08,목,20210408한S
22,창원,롯데,8.0,NC,4.0,-4.0,롯데,2021,04,08,목,20210408롯N
23,수원,LG,7.0,KT,3.0,-4.0,LG,2021,04,08,목,20210408LK
24,고척,기아,5.0,키움,3.0,-2.0,기아,2021,04,08,목,20210408기키
25,잠실,SK,5.0,LG,9.0,4.0,LG,2021,04,09,금,20210409SL
26,사직,키움,7.0,롯데,2.0,-5.0,키움,2021,04,09,금,20210409키롯
27,대구,KT,5.0,삼성,7.0,2.0,삼성,2021,04,09,금,20210409K삼
28,광주,NC,10.0,기아,6.0,-4.0,NC,2021,04,09,금,20210409N기
29,대전,두산,0.0,한화,7.0,7.0,한화,2021,04,09,금,20210409두한
30,잠실,SK,4.0,LG,3.0,-1.0,SK,2021,04,10,토,20210410SL
31,대구,KT,6.0,삼성,7.0,1.0,삼성,2021,04,10,토,20210410K삼
32,사직,키움,0.0,롯데,13.0,13.0,롯데,2021,04,10,토,20210410키롯
33,광주,NC,9.0,기아,2.0,-7.0,NC,2021,04,10,토,20210410N기
34,대전,두산,18.0,한화,1.0,-17.0,두산,2021,04,10,토,20210410두한
35,잠실,SK,0.0,LG,1.0,1.0,LG,2021,04,11,일,20210411SL
36,사직,키움,3.0,롯데,2.0,-1.0,키움,2021,04,11,일,20210411키롯
37,대구,KT,2.0,삼성,4.0,2.0,삼성,2021,04,11,일,20210411K삼
38,광주,NC,7.0,기아,3.0,-4.0,NC,2021,04,11,일,20210411N기
39,대전,두산,2.0,한화,3.0,1.0,한화,2021,04,11,일,20210411두한
40,잠실,KT,8.0,두산,7.0,-1.0,KT,2021,04,13,화,20210413K두
41,문학,NC,4.0,SK,2.0,-2.0,NC,2021,04,13,화,20210413NS
42,대구,한화,3.0,삼성,4.0,1.0,삼성,2021,04,13,화,20210413한삼
43,광주,롯데,8.0,기아,0.0,-8.0,롯데,2021,04,13,화,20210413롯기
44,고척,LG,2.0,키움,8.0,6.0,키움,2021,04,13,화,20210413L키
45,잠실,KT,1.0,두산,3.0,2.0,두산,2021,04,14,수,20210414K두
46,문학,NC,3.0,SK,0.0,-3.0,NC,2021,04,14,수,20210414NS
47,대구,한화,6.0,삼성,2.0,-4.0,한화,2021,04,14,수,20210414한삼
48,광주,롯데,2.0,기아,3.0,1.0,기아,2021,04,14,수,20210414롯기
49,고척,LG,13.0,키움,2.0,-11.0,LG,2021,04,14,수,20210414L키
50,잠실,KT,8.0,두산,3.0,-5.0,KT,2021,04,15,목,20210415K두
51,문학,NC,3.0,SK,9.0,6.0,SK,2021,04,15,목,20210415NS
52,대구,한화,0.0,삼성,4.0,4.0,삼성,2021,04,15,목,20210415한삼
53,광주,롯데,5.0,기아,10.0,5.0,기아,2021,04,15,목,20210415롯기
54,고척,LG,6.0,키움,4.0,-2.0,LG,2021,04,15,목,20210415L키
55,잠실,두산,0.0,LG,1.0,1.0,LG,2021,04,16,금,20210416두L
56,문학,기아,11.0,SK,6.0,-5.0,기아,2021,04,16,금,20210416기S
57,사직,삼성,3.0,롯데,9.0,6.0,롯데,2021,04,16,금,20210416삼롯
58,수원,키움,4.0,KT,8.0,4.0,KT,2021,04,16,금,20210416키K
59,창원,한화,1.0,NC,9.0,8.0,NC,2021,04,16,금,20210416한N
60,문학,기아,3.0,SK,4.0,1.0,SK,2021,04,17,토,20210417기S
61,잠실,두산,3.0,LG,1.0,-2.0,두산,2021,04,17,토,20210417두L
62,사직,삼성,12.0,롯데,0.0,-12.0,삼성,2021,04,17,토,20210417삼롯
63,창원,한화,4.0,NC,14.0,10.0,NC,2021,04,17,토,20210417한N
64,수원,키움,5.0,KT,8.0,3.0,KT,2021,04,17,토,20210417키K
65,잠실,두산,9.0,LG,1.0,-8.0,두산,2021,04,18,일,20210418두L
66,문학,기아,2.0,SK,4.0,2.0,SK,2021,04,18,일,20210418기S
67,사직,삼성,7.0,롯데,0.0,-7.0,삼성,2021,04,18,일,20210418삼롯
68,창원,한화,11.0,NC,3.0,-8.0,한화,2021,04,18,일,20210418한N
69,수원,키움,2.0,KT,10.0,8.0,KT,2021,04,18,일,20210418키K
70,잠실,기아,6.0,LG,3.0,-3.0,기아,2021,04,20,화,20210420기L
71,사직,두산,5.0,롯데,10.0,5.0,롯데,2021,04,20,화,20210420두롯
72,대구,SK,10.0,삼성,7.0,-3.0,SK,2021,04,20,화,20210420S삼
73,창원,KT,5.0,NC,2.0,-3.0,KT,2021,04,20,화,20210420KN
74,대전,키움,3.0,한화,7.0,4.0,한화,2021,04,20,화,20210420키한
75,잠실,기아,3.0,LG,7.0,4.0,LG,2021,04,21,수,20210421기L
76,사직,두산,9.0,롯데,10.0,1.0,롯데,2021,04,21,수,20210421두롯
77,대구,SK,4.0,삼성,14.0,10.0,삼성,2021,04,21,수,20210421S삼
78,창원,KT,3.0,NC,4.0,1.0,NC,2021,04,21,수,20210421KN
79,대전,키움,3.0,한화,4.0,1.0,한화,2021,04,21,수,20210421키한
80,잠실,기아,3.0,LG,2.0,-1.0,기아,2021,04,22,목,20210422기L
81,사직,두산,13.0,롯데,1.0,-12.0,두산,2021,04,22,목,20210422두롯
82,대구,SK,11.0,삼성,6.0,-5.0,SK,2021,04,22,목,20210422S삼
83,창원,KT,11.0,NC,5.0,-6.0,KT,2021,04,22,목,20210422KN
84,대전,키움,8.0,한화,3.0,-5.0,키움,2021,04,22,목,20210422키한
85,잠실,NC,1.0,두산,5.0,4.0,두산,2021,04,23,금,20210423N두
86,수원,롯데,10.0,KT,5.0,-5.0,롯데,2021,04,23,금,20210423롯K
87,광주,삼성,1.0,기아,4.0,3.0,기아,2021,04,23,금,20210423삼기
88,고척,SK,9.0,키움,5.0,-4.0,SK,2021,04,23,금,20210423S키
89,대전,LG,2.0,한화,1.0,-1.0,LG,2021,04,23,금,20210423L한
90,고척,SK,5.0,키움,4.0,-1.0,SK,2021,04,24,토,20210424S키
91,대전,LG,5.0,한화,19.0,14.0,한화,2021,04,24,토,20210424L한
92,잠실,NC,6.0,두산,9.0,3.0,두산,2021,04,24,토,20210424N두
93,수원,롯데,4.0,KT,2.0,-2.0,롯데,2021,04,24,토,20210424롯K
94,광주,삼성,8.0,기아,4.0,-4.0,삼성,2021,04,24,토,20210424삼기
95,잠실,NC,10.0,두산,0.0,-10.0,NC,2021,04,25,일,20210425N두
96,수원,롯데,5.0,KT,6.0,1.0,KT,2021,04,25,일,20210425롯K
97,광주,삼성,3.0,기아,2.0,-1.0,삼성,2021,04,25,일,20210425삼기
98,고척,SK,3.0,키움,4.0,1.0,키움,2021,04,25,일,20210425S키
99,대전,LG,8.0,한화,0.0,-8.0,LG,2021,04,25,일,20210425L한
100,잠실,롯데,0.0,LG,4.0,4.0,LG,2021,04,27,화,20210427롯L
101,문학,KT,14.0,SK,5.0,-9.0,KT,2021,04,27,화,20210427KS
102,대구,NC,0.0,삼성,9.0,9.0,삼성,2021,04,27,화,20210427N삼
103,광주,한화,3.0,기아,4.0,1.0,기아,2021,04,27,화,20210427한기
104,고척,두산,4.0,키움,5.0,1.0,키움,2021,04,27,화,20210427두키
105,잠실,롯데,3.0,LG,0.0,-3.0,롯데,2021,04,28,수,20210428롯L
106,문학,KT,2.0,SK,4.0,2.0,SK,2021,04,28,수,20210428KS
107,대구,NC,3.0,삼성,4.0,1.0,삼성,2021,04,28,수,20210428N삼
108,광주,한화,0.0,기아,4.0,4.0,기아,2021,04,28,수,20210428한기
109,고척,두산,4.0,키움,5.0,1.0,키움,2021,04,28,수,20210428두키
110,잠실,롯데,2.0,LG,3.0,1.0,LG,2021,04,29,목,20210429롯L
111,문학,KT,6.0,SK,1.0,-5.0,KT,2021,04,29,목,20210429KS
112,대구,NC,9.0,삼성,0.0,-9.0,NC,2021,04,29,목,20210429N삼
113,광주,한화,2.0,기아,3.0,1.0,기아,2021,04,29,목,20210429한기
114,고척,두산,15.0,키움,4.0,-11.0,두산,2021,04,29,목,20210429두키
115,잠실,SK,4.0,두산,9.0,5.0,두산,2021,04,30,금,20210430S두
116,사직,한화,11.0,롯데,7.0,-4.0,한화,2021,04,30,금,20210430한롯
117,대구,LG,0.0,삼성,4.0,4.0,삼성,2021,04,30,금,20210430L삼
118,수원,기아,3.0,KT,15.0,12.0,KT,2021,04,30,금,20210430기K
119,창원,키움,4.0,NC,3.0,-1.0,키움,2021,04,30,금,20210430키N
120,잠실,SK,5.0,두산,2.0,-3.0,SK,2021,05,01,토,20210501S두
121,사직,한화,11.0,롯데,3.0,-8.0,한화,2021,05,01,토,20210501한롯
122,대구,LG,2.0,삼성,8.0,6.0,삼성,2021,05,01,토,20210501L삼
123,창원,키움,13.0,NC,9.0,-4.0,키움,2021,05,01,토,20210501키N
124,수원,기아,0.0,KT,3.0,3.0,KT,2021,05,01,토,20210501기K
125,잠실,SK,5.0,두산,8.0,3.0,두산,2021,05,02,일,20210502S두
126,사직,한화,5.0,롯데,4.0,-1.0,한화,2021,05,02,일,20210502한롯
127,대구,LG,4.0,삼성,6.0,2.0,삼성,2021,05,02,일,20210502L삼
128,창원,키움,0.0,NC,5.0,5.0,NC,2021,05,02,일,20210502키N
129,수원,기아,2.0,KT,9.0,7.0,KT,2021,05,02,일,20210502기K
135,잠실,LG,7.0,두산,4.0,-3.0,LG,2021,05,05,수,20210505L두
136,사직,기아,8.0,롯데,5.0,-3.0,기아,2021,05,05,수,20210505기롯
137,창원,SK,13.0,NC,12.0,-1.0,SK,2021,05,05,수,20210505SN
138,고척,KT,0.0,키움,14.0,14.0,키움,2021,05,05,수,20210505K키
139,대전,삼성,4.0,한화,1.0,-3.0,삼성,2021,05,05,수,20210505삼한
140,잠실,LG,7.0,두산,2.0,-5.0,LG,2021,05,06,목,20210506L두
141,사직,기아,9.0,롯데,17.0,8.0,롯데,2021,05,06,목,20210506기롯
142,창원,SK,1.0,NC,7.0,6.0,NC,2021,05,06,목,20210506SN
143,고척,KT,4.0,키움,6.0,2.0,키움,2021,05,06,목,20210506K키
144,대전,삼성,5.0,한화,6.0,1.0,한화,2021,05,06,목,20210506삼한
147,대구,롯데,1.0,삼성,4.0,3.0,삼성,2021,05,07,금,20210507롯삼
154,잠실,한화,2.0,LG,11.0,9.0,LG,2021,05,08,토,20210508한L
155,문학,키움,9.0,SK,2.0,-7.0,키움,2021,05,08,토,20210508키S
156,대구,롯데,9.0,삼성,8.0,-1.0,롯데,2021,05,08,토,20210508롯삼
157,수원,NC,5.0,KT,4.0,-1.0,NC,2021,05,08,토,20210508NK
158,광주,두산,11.0,기아,5.0,-6.0,두산,2021,05,08,토,20210508두기
159,대구,롯데,6.0,삼성,8.0,2.0,삼성,2021,05,09,일,20210509롯삼
160,잠실,한화,1.0,LG,11.0,10.0,LG,2021,05,09,일,20210509한L
161,문학,키움,1.0,SK,4.0,3.0,SK,2021,05,09,일,20210509키S
162,수원,NC,16.0,KT,11.0,-5.0,NC,2021,05,09,일,20210509NK
163,광주,두산,5.0,기아,3.0,-2.0,두산,2021,05,09,일,20210509두기
164,잠실,한화,5.0,LG,4.0,-1.0,한화,2021,05,09,일,20210509한L
165,문학,키움,3.0,SK,4.0,1.0,SK,2021,05,09,일,20210509키S
166,수원,NC,5.0,KT,9.0,4.0,KT,2021,05,09,일,20210509NK
167,광주,두산,9.0,기아,0.0,-9.0,두산,2021,05,09,일,20210509두기
168,잠실,키움,2.0,두산,3.0,1.0,두산,2021,05,11,화,20210511키두
169,사직,SK,7.0,롯데,6.0,-1.0,SK,2021,05,11,화,20210511S롯
170,수원,삼성,6.0,KT,9.0,3.0,KT,2021,05,11,화,20210511삼K
171,광주,LG,1.0,기아,7.0,6.0,기아,2021,05,11,화,20210511L기
172,대전,NC,7.0,한화,2.0,-5.0,NC,2021,05,11,화,20210511N한
173,잠실,키움,3.0,두산,0.0,-3.0,키움,2021,05,12,수,20210512키두
174,사직,SK,9.0,롯데,2.0,-7.0,SK,2021,05,12,수,20210512S롯
175,수원,삼성,7.0,KT,5.0,-2.0,삼성,2021,05,12,수,20210512삼K
176,광주,LG,3.0,기아,5.0,2.0,기아,2021,05,12,수,20210512L기
177,대전,NC,6.0,한화,3.0,-3.0,NC,2021,05,12,수,20210512N한
178,잠실,키움,14.0,두산,13.0,-1.0,키움,2021,05,13,목,20210513키두
179,사직,SK,4.0,롯데,5.0,1.0,롯데,2021,05,13,목,20210513S롯
180,수원,삼성,4.0,KT,0.0,-4.0,삼성,2021,05,13,목,20210513삼K
181,광주,LG,8.0,기아,3.0,-5.0,LG,2021,05,13,목,20210513L기
182,대전,NC,4.0,한화,2.0,-2.0,NC,2021,05,13,목,20210513N한
183,잠실,삼성,3.0,LG,4.0,1.0,LG,2021,05,14,금,20210514삼L
184,문학,두산,6.0,SK,3.0,-3.0,두산,2021,05,14,금,20210514두S
185,사직,KT,9.0,롯데,1.0,-8.0,KT,2021,05,14,금,20210514K롯
186,고척,한화,6.0,키움,1.0,-5.0,한화,2021,05,14,금,20210514한키
187,창원,기아,2.0,NC,5.0,3.0,NC,2021,05,14,금,20210514기N
188,창원,기아,3.0,NC,7.0,4.0,NC,2021,05,15,토,20210515기N
189,고척,한화,1.0,키움,15.0,14.0,키움,2021,05,15,토,20210515한키
190,잠실,삼성,4.0,LG,14.0,10.0,LG,2021,05,15,토,20210515삼L
192,사직,KT,5.0,롯데,4.0,-1.0,KT,2021,05,15,토,20210515K롯
197,고척,한화,1.0,키움,5.0,4.0,키움,2021,05,16,일,20210516한키
199,잠실,삼성,3.0,LG,1.0,-2.0,삼성,2021,05,17,월,20210517삼L
200,문학,두산,8.0,SK,3.0,-5.0,두산,2021,05,17,월,20210517두S
203,잠실,NC,0.0,LG,1.0,1.0,LG,2021,05,18,화,20210518NL
204,대구,키움,15.0,삼성,3.0,-12.0,키움,2021,05,18,화,20210518키삼
205,수원,두산,0.0,KT,1.0,1.0,KT,2021,05,18,화,20210518두K
206,광주,SK,7.0,기아,5.0,-2.0,SK,2021,05,18,화,20210518S기
207,대전,롯데,4.0,한화,3.0,-1.0,롯데,2021,05,18,화,20210518롯한
208,잠실,NC,5.0,LG,6.0,1.0,LG,2021,05,19,수,20210519NL
209,대구,키움,9.0,삼성,2.0,-7.0,키움,2021,05,19,수,20210519키삼
210,수원,두산,5.0,KT,6.0,1.0,KT,2021,05,19,수,20210519두K
211,광주,SK,11.0,기아,5.0,-6.0,SK,2021,05,19,수,20210519S기
212,대전,롯데,2.0,한화,12.0,10.0,한화,2021,05,19,수,20210519롯한
213,잠실,NC,11.0,LG,1.0,-10.0,NC,2021,05,20,목,20210520NL
218,잠실,롯데,9.0,두산,1.0,-8.0,롯데,2021,05,21,금,20210521롯두
219,문학,LG,5.0,SK,6.0,1.0,SK,2021,05,21,금,20210521LS
220,대구,기아,3.0,삼성,5.0,2.0,삼성,2021,05,21,금,20210521기삼
221,고척,NC,0.0,키움,2.0,2.0,키움,2021,05,21,금,20210521N키
222,대전,KT,0.0,한화,4.0,4.0,한화,2021,05,21,금,20210521K한
223,잠실,롯데,3.0,두산,4.0,1.0,두산,2021,05,22,토,20210522롯두
224,문학,LG,3.0,SK,8.0,5.0,SK,2021,05,22,토,20210522LS
225,대구,기아,9.0,삼성,4.0,-5.0,기아,2021,05,22,토,20210522기삼
226,고척,NC,6.0,키움,13.0,7.0,키움,2021,05,22,토,20210522N키
227,대전,KT,0.0,한화,5.0,5.0,한화,2021,05,22,토,20210522K한
228,잠실,롯데,0.0,두산,4.0,4.0,두산,2021,05,23,일,20210523롯두
229,문학,LG,0.0,SK,8.0,8.0,SK,2021,05,23,일,20210523LS
230,대구,기아,5.0,삼성,7.0,2.0,삼성,2021,05,23,일,20210523기삼
231,고척,NC,4.0,키움,7.0,3.0,키움,2021,05,23,일,20210523N키
232,대전,KT,8.0,한화,1.0,-7.0,KT,2021,05,23,일,20210523K한
238,잠실,한화,3.0,두산,9.0,6.0,두산,2021,05,26,수,20210526한두
239,사직,LG,5.0,롯데,3.0,-2.0,LG,2021,05,26,수,20210526L롯
240,창원,삼성,7.0,NC,1.0,-6.0,삼성,2021,05,26,수,20210526삼N
241,수원,SK,9.0,KT,5.0,-4.0,SK,2021,05,26,수,20210526SK
242,광주,키움,2.0,기아,3.0,1.0,기아,2021,05,26,수,20210526키기
243,잠실,한화,3.0,두산,0.0,-3.0,한화,2021,05,27,목,20210527한두
244,사직,LG,8.0,롯데,1.0,-7.0,LG,2021,05,27,목,20210527L롯
245,창원,삼성,3.0,NC,6.0,3.0,NC,2021,05,27,목,20210527삼N
246,수원,SK,5.0,KT,6.0,1.0,KT,2021,05,27,목,20210527SK
247,광주,키움,4.0,기아,5.0,1.0,기아,2021,05,27,목,20210527키기
248,잠실,키움,1.0,LG,3.0,2.0,LG,2021,05,28,금,20210528키L
250,대구,두산,9.0,삼성,4.0,-5.0,두산,2021,05,28,금,20210528두삼
251,광주,KT,6.0,기아,7.0,1.0,기아,2021,05,28,금,20210528K기
252,대전,SK,12.0,한화,3.0,-9.0,SK,2021,05,28,금,20210528S한
253,사직,NC,10.0,롯데,10.0,0.0,무승부,2021,05,29,토,20210529N롯
254,잠실,키움,7.0,LG,2.0,-5.0,키움,2021,05,29,토,20210529키L
255,대구,두산,4.0,삼성,16.0,12.0,삼성,2021,05,29,토,20210529두삼
256,광주,KT,7.0,기아,5.0,-2.0,KT,2021,05,29,토,20210529K기
257,대전,SK,6.0,한화,2.0,-4.0,SK,2021,05,29,토,20210529S한
258,사직,NC,6.0,롯데,2.0,-4.0,NC,2021,05,29,토,20210529N롯
259,잠실,키움,2.0,LG,8.0,6.0,LG,2021,05,30,일,20210530키L
260,사직,NC,5.0,롯데,4.0,-1.0,NC,2021,05,30,일,20210530N롯
261,대구,두산,4.0,삼성,2.0,-2.0,두산,2021,05,30,일,20210530두삼
262,광주,KT,4.0,기아,3.0,-1.0,KT,2021,05,30,일,20210530K기
263,대전,SK,5.0,한화,1.0,-4.0,SK,2021,05,30,일,20210530S한
264,잠실,KT,8.0,LG,1.0,-7.0,KT,2021,06,01,화,20210601KL
265,문학,삼성,0.0,SK,1.0,1.0,SK,2021,06,01,화,20210601삼S
266,창원,두산,4.0,NC,3.0,-1.0,두산,2021,06,01,화,20210601두N
267,고척,롯데,3.0,키움,0.0,-3.0,롯데,2021,06,01,화,20210601롯키
268,대전,기아,1.0,한화,9.0,8.0,한화,2021,06,01,화,20210601기한
269,잠실,KT,5.0,LG,6.0,1.0,LG,2021,06,02,수,20210602KL
270,문학,삼성,8.0,SK,7.0,-1.0,삼성,2021,06,02,수,20210602삼S
271,창원,두산,5.0,NC,9.0,4.0,NC,2021,06,02,수,20210602두N
272,고척,롯데,4.0,키움,2.0,-2.0,롯데,2021,06,02,수,20210602롯키
273,대전,기아,5.0,한화,3.0,-2.0,기아,2021,06,02,수,20210602기한
277,고척,롯데,4.0,키움,9.0,5.0,키움,2021,06,03,목,20210603롯키
279,잠실,SK,2.0,두산,3.0,1.0,두산,2021,06,04,금,20210604S두
280,수원,롯데,15.0,KT,0.0,-15.0,롯데,2021,06,04,금,20210604롯K
281,광주,LG,3.0,기아,4.0,1.0,기아,2021,06,04,금,20210604L기
282,고척,삼성,6.0,키움,3.0,-3.0,삼성,2021,06,04,금,20210604삼키
283,창원,한화,3.0,NC,6.0,3.0,NC,2021,06,04,금,20210604한N
284,잠실,SK,5.0,두산,8.0,3.0,두산,2021,06,05,토,20210605S두
285,창원,한화,1.0,NC,6.0,5.0,NC,2021,06,05,토,20210605한N
286,수원,롯데,1.0,KT,8.0,7.0,KT,2021,06,05,토,20210605롯K
287,광주,LG,8.0,기아,2.0,-6.0,LG,2021,06,05,토,20210605L기
288,고척,삼성,2.0,키움,6.0,4.0,키움,2021,06,05,토,20210605삼키
289,잠실,SK,4.0,두산,1.0,-3.0,SK,2021,06,06,일,20210606S두
290,창원,한화,13.0,NC,10.0,-3.0,한화,2021,06,06,일,20210606한N
291,수원,롯데,8.0,KT,7.0,-1.0,롯데,2021,06,06,일,20210606롯K
292,광주,LG,10.0,기아,0.0,-10.0,LG,2021,06,06,일,20210606L기
293,고척,삼성,3.0,키움,1.0,-2.0,삼성,2021,06,06,일,20210606삼키
294,잠실,NC,1.0,LG,2.0,1.0,LG,2021,06,08,화,20210608NL
295,문학,KT,4.0,SK,2.0,-2.0,KT,2021,06,08,화,20210608KS
296,사직,두산,9.0,롯데,18.0,9.0,롯데,2021,06,08,화,20210608두롯
297,대구,기아,0.0,삼성,7.0,7.0,삼성,2021,06,08,화,20210608기삼
298,대전,키움,2.0,한화,4.0,2.0,한화,2021,06,08,화,20210608키한
299,잠실,NC,3.0,LG,6.0,3.0,LG,2021,06,09,수,20210609NL
300,문학,KT,7.0,SK,3.0,-4.0,KT,2021,06,09,수,20210609KS
301,사직,두산,14.0,롯데,8.0,-6.0,두산,2021,06,09,수,20210609두롯
302,대구,기아,7.0,삼성,5.0,-2.0,기아,2021,06,09,수,20210609기삼
303,대전,키움,6.0,한화,2.0,-4.0,키움,2021,06,09,수,20210609키한
304,잠실,NC,6.0,LG,0.0,-6.0,NC,2021,06,10,목,20210610NL
306,사직,두산,4.0,롯데,5.0,1.0,롯데,2021,06,10,목,20210610두롯
307,대구,기아,2.0,삼성,4.0,2.0,삼성,2021,06,10,목,20210610기삼
308,대전,키움,0.0,한화,1.0,1.0,한화,2021,06,10,목,20210610키한
309,잠실,두산,1.0,LG,3.0,2.0,LG,2021,06,11,금,20210611두L
310,문학,키움,6.0,SK,8.0,2.0,SK,2021,06,11,금,20210611키S
312,대구,NC,5.0,삼성,4.0,-1.0,NC,2021,06,11,금,20210611N삼
313,수원,한화,5.0,KT,6.0,1.0,KT,2021,06,11,금,20210611한K
315,잠실,두산,8.0,LG,3.0,-5.0,두산,2021,06,12,토,20210612두L
316,문학,키움,4.0,SK,5.0,1.0,SK,2021,06,12,토,20210612키S
318,대구,NC,1.0,삼성,4.0,3.0,삼성,2021,06,12,토,20210612N삼
319,수원,한화,2.0,KT,7.0,5.0,KT,2021,06,12,토,20210612한K
320,사직,기아,6.0,롯데,8.0,2.0,롯데,2021,06,13,일,20210613기롯
321,잠실,두산,0.0,LG,2.0,2.0,LG,2021,06,13,일,20210613두L
322,문학,키움,7.0,SK,3.0,-4.0,키움,2021,06,13,일,20210613키S
323,대구,NC,3.0,삼성,5.0,2.0,삼성,2021,06,13,일,20210613N삼
324,수원,한화,3.0,KT,6.0,3.0,KT,2021,06,13,일,20210613한K
325,사직,기아,6.0,롯데,3.0,-3.0,기아,2021,06,13,일,20210613기롯
326,잠실,삼성,8.0,두산,6.0,-2.0,삼성,2021,06,15,화,20210615삼두
329,고척,LG,4.0,키움,2.0,-2.0,LG,2021,06,15,화,20210615L키
330,대전,롯데,2.0,한화,3.0,1.0,한화,2021,06,15,화,20210615롯한
331,광주,SK,10.0,기아,1.0,-9.0,SK,2021,06,16,수,20210616S기
332,대전,롯데,4.0,한화,9.0,5.0,한화,2021,06,16,수,20210616롯한
333,광주,SK,0.0,기아,2.0,2.0,기아,2021,06,16,수,20210616S기
334,대전,롯데,3.0,한화,4.0,1.0,한화,2021,06,16,수,20210616롯한
335,잠실,삼성,5.0,두산,3.0,-2.0,삼성,2021,06,16,수,20210616삼두
336,창원,KT,7.0,NC,3.0,-4.0,KT,2021,06,16,수,20210616KN
337,고척,LG,3.0,키움,6.0,3.0,키움,2021,06,16,수,20210616L키
338,잠실,삼성,2.0,두산,6.0,4.0,두산,2021,06,17,목,20210617삼두
339,창원,KT,1.0,NC,9.0,8.0,NC,2021,06,17,목,20210617KN
340,광주,SK,6.0,기아,3.0,-3.0,SK,2021,06,17,목,20210617S기
341,고척,LG,6.0,키움,5.0,-1.0,LG,2021,06,17,목,20210617L키
342,대전,롯데,9.0,한화,2.0,-7.0,롯데,2021,06,17,목,20210617롯한
343,잠실,기아,0.0,LG,5.0,5.0,LG,2021,06,18,금,20210618기L
344,사직,삼성,4.0,롯데,7.0,3.0,롯데,2021,06,18,금,20210618삼롯
345,수원,두산,11.0,KT,3.0,-8.0,두산,2021,06,18,금,20210618두K
346,대전,SK,3.0,한화,4.0,1.0,한화,2021,06,18,금,20210618S한
347,창원,키움,0.0,NC,5.0,5.0,NC,2021,06,18,금,20210618키N
348,수원,두산,9.0,KT,3.0,-6.0,두산,2021,06,19,토,20210619두K
349,잠실,기아,2.0,LG,7.0,5.0,LG,2021,06,19,토,20210619기L
350,사직,삼성,9.0,롯데,1.0,-8.0,삼성,2021,06,19,토,20210619삼롯
351,창원,키움,12.0,NC,7.0,-5.0,키움,2021,06,19,토,20210619키N
352,대전,SK,7.0,한화,5.0,-2.0,SK,2021,06,19,토,20210619S한
353,수원,두산,3.0,KT,4.0,1.0,KT,2021,06,19,토,20210619두K
354,잠실,기아,0.0,LG,6.0,6.0,LG,2021,06,20,일,20210620기L
355,사직,삼성,7.0,롯데,8.0,1.0,롯데,2021,06,20,일,20210620삼롯
356,창원,키움,8.0,NC,4.0,-4.0,키움,2021,06,20,일,20210620키N
357,수원,두산,1.0,KT,4.0,3.0,KT,2021,06,20,일,20210620두K
358,대전,SK,4.0,한화,3.0,-1.0,SK,2021,06,20,일,20210620S한
359,잠실,키움,3.0,두산,10.0,7.0,두산,2021,06,22,화,20210622키두
360,문학,LG,14.0,SK,1.0,-13.0,LG,2021,06,22,화,20210622LS
361,사직,NC,5.0,롯데,2.0,-3.0,NC,2021,06,22,화,20210622N롯
362,대구,한화,0.0,삼성,9.0,9.0,삼성,2021,06,22,화,20210622한삼
363,수원,기아,3.0,KT,6.0,3.0,KT,2021,06,22,화,20210622기K
364,잠실,키움,4.0,두산,3.0,-1.0,키움,2021,06,23,수,20210623키두
365,문학,LG,4.0,SK,7.0,3.0,SK,2021,06,23,수,20210623LS
366,사직,NC,7.0,롯데,13.0,6.0,롯데,2021,06,23,수,20210623N롯
367,대구,한화,0.0,삼성,3.0,3.0,삼성,2021,06,23,수,20210623한삼
368,수원,기아,2.0,KT,1.0,-1.0,기아,2021,06,23,수,20210623기K
369,잠실,키움,2.0,두산,1.0,-1.0,키움,2021,06,24,목,20210624키두
370,문학,LG,5.0,SK,8.0,3.0,SK,2021,06,24,목,20210624LS
371,사직,NC,6.0,롯데,4.0,-2.0,NC,2021,06,24,목,20210624N롯
372,대구,한화,2.0,삼성,3.0,1.0,삼성,2021,06,24,목,20210624한삼
373,수원,기아,3.0,KT,6.0,3.0,KT,2021,06,24,목,20210624기K
374,잠실,롯데,9.0,두산,1.0,-8.0,롯데,2021,06,25,금,20210625롯두
376,고척,기아,5.0,키움,14.0,9.0,키움,2021,06,25,금,20210625기키
377,대전,KT,2.0,한화,0.0,-2.0,KT,2021,06,25,금,20210625K한
378,창원,SK,10.0,NC,11.0,1.0,NC,2021,06,25,금,20210625SN
379,대구,LG,10.0,삼성,5.0,-5.0,LG,2021,06,26,토,20210626L삼
380,잠실,롯데,4.0,두산,3.0,-1.0,롯데,2021,06,26,토,20210626롯두
381,창원,SK,10.0,NC,10.0,0.0,무승부,2021,06,26,토,20210626SN
382,고척,기아,1.0,키움,6.0,5.0,키움,2021,06,26,토,20210626기키
383,대전,KT,11.0,한화,2.0,-9.0,KT,2021,06,26,토,20210626K한
384,대구,LG,7.0,삼성,10.0,3.0,삼성,2021,06,26,토,20210626L삼
385,잠실,롯데,7.0,두산,6.0,-1.0,롯데,2021,06,27,일,20210627롯두
386,대구,LG,9.0,삼성,5.0,-4.0,LG,2021,06,27,일,20210627L삼
387,창원,SK,3.0,NC,4.0,1.0,NC,2021,06,27,일,20210627SN
388,고척,기아,4.0,키움,5.0,1.0,키움,2021,06,27,일,20210627기키
389,대전,KT,11.0,한화,1.0,-10.0,KT,2021,06,27,일,20210627K한
391,문학,삼성,3.0,SK,10.0,7.0,SK,2021,06,29,화,20210629삼S
392,광주,NC,7.0,기아,3.0,-4.0,NC,2021,06,29,화,20210629N기
393,고척,롯데,13.0,키움,5.0,-8.0,롯데,2021,06,29,화,20210629롯키
396,문학,삼성,3.0,SK,3.0,0.0,무승부,2021,06,30,수,20210630삼S
397,문학,삼성,4.0,SK,8.0,4.0,SK,2021,06,30,수,20210630삼S
398,잠실,KT,4.0,LG,3.0,-1.0,KT,2021,06,30,수,20210630KL
400,고척,롯데,5.0,키움,6.0,1.0,키움,2021,06,30,수,20210630롯키
401,대전,두산,8.0,한화,6.0,-2.0,두산,2021,06,30,수,20210630두한
402,잠실,KT,6.0,LG,1.0,-5.0,KT,2021,07,01,목,20210701KL
403,문학,삼성,8.0,SK,7.0,-1.0,삼성,2021,07,01,목,20210701삼S
404,광주,NC,3.0,기아,6.0,3.0,기아,2021,07,01,목,20210701N기
405,고척,롯데,1.0,키움,13.0,12.0,키움,2021,07,01,목,20210701롯키
406,대전,두산,10.0,한화,3.0,-7.0,두산,2021,07,01,목,20210701두한
407,잠실,한화,5.0,LG,3.0,-2.0,한화,2021,07,02,금,20210702한L
408,문학,롯데,6.0,SK,5.0,-1.0,롯데,2021,07,02,금,20210702롯S
409,수원,키움,1.0,KT,4.0,3.0,KT,2021,07,02,금,20210702키K
410,광주,두산,3.0,기아,8.0,5.0,기아,2021,07,02,금,20210702두기
411,창원,삼성,5.0,NC,2.0,-3.0,삼성,2021,07,02,금,20210702삼N
417,잠실,한화,0.0,LG,5.0,5.0,LG,2021,07,04,일,20210704한L
418,문학,롯데,6.0,SK,4.0,-2.0,롯데,2021,07,04,일,20210704롯S
419,창원,삼성,5.0,NC,0.0,-5.0,삼성,2021,07,04,일,20210704삼N
420,수원,키움,3.0,KT,12.0,9.0,KT,2021,07,04,일,20210704키K
421,광주,두산,3.0,기아,7.0,4.0,기아,2021,07,04,일,20210704두기
422,잠실,한화,6.0,LG,7.0,1.0,LG,2021,07,05,월,20210705한L
423,문학,롯데,4.0,SK,10.0,6.0,SK,2021,07,05,월,20210705롯S
425,수원,키움,15.0,KT,5.0,-10.0,키움,2021,07,05,월,20210705키K
427,잠실,NC,7.0,두산,3.0,-4.0,NC,2021,07,06,화,20210706N두
430,고척,SK,0.0,키움,4.0,4.0,키움,2021,07,06,화,20210706S키
432,잠실,NC,2.0,두산,4.0,2.0,두산,2021,07,07,수,20210707N두
435,고척,SK,2.0,키움,8.0,6.0,키움,2021,07,07,수,20210707S키
436,대전,기아,4.0,한화,1.0,-3.0,기아,2021,07,07,수,20210707기한
439,대구,KT,3.0,삼성,2.0,-1.0,KT,2021,07,08,목,20210708K삼
440,고척,SK,9.0,키움,3.0,-6.0,SK,2021,07,08,목,20210708S키
443,문학,한화,9.0,SK,3.0,-6.0,한화,2021,07,09,금,20210709한S
444,대구,롯데,9.0,삼성,5.0,-4.0,롯데,2021,07,09,금,20210709롯삼
445,광주,KT,4.0,기아,10.0,6.0,기아,2021,07,09,금,20210709K기
448,문학,한화,3.0,SK,1.0,-2.0,한화,2021,07,10,토,20210710한S
449,대구,롯데,2.0,삼성,3.0,1.0,삼성,2021,07,10,토,20210710롯삼
453,문학,한화,2.0,SK,8.0,6.0,SK,2021,07,11,일,20210711한S
454,대구,롯데,0.0,삼성,11.0,11.0,삼성,2021,07,11,일,20210711롯삼
455,광주,KT,0.0,기아,2.0,2.0,기아,2021,07,11,일,20210711K기
487,잠실,SK,0.0,LG,4.0,4.0,LG,2021,08,10,화,20210810SL
489,창원,롯데,5.0,NC,2.0,-3.0,롯데,2021,08,10,화,20210810롯N
490,광주,한화,1.0,기아,4.0,3.0,기아,2021,08,10,화,20210810한기
491,고척,KT,1.0,키움,3.0,2.0,키움,2021,08,10,화,20210810K키
492,잠실,SK,5.0,LG,12.0,7.0,LG,2021,08,11,수,20210811SL
493,대구,두산,8.0,삼성,6.0,-2.0,두산,2021,08,11,수,20210811두삼
494,창원,롯데,5.0,NC,4.0,-1.0,롯데,2021,08,11,수,20210811롯N
495,광주,한화,7.0,기아,7.0,0.0,무승부,2021,08,11,수,20210811한기
496,고척,KT,1.0,키움,4.0,3.0,키움,2021,08,11,수,20210811K키
498,대구,두산,2.0,삼성,9.0,7.0,삼성,2021,08,12,목,20210812두삼
499,창원,롯데,4.0,NC,5.0,1.0,NC,2021,08,12,목,20210812롯N
501,고척,KT,4.0,키움,6.0,2.0,키움,2021,08,12,목,20210812K키
502,잠실,롯데,2.0,LG,0.0,-2.0,롯데,2021,08,13,금,20210813롯L
503,문학,기아,8.0,SK,1.0,-7.0,기아,2021,08,13,금,20210813기S
504,수원,삼성,6.0,KT,7.0,1.0,KT,2021,08,13,금,20210813삼K
505,고척,두산,16.0,키움,9.0,-7.0,두산,2021,08,13,금,20210813두키
506,대전,NC,5.0,한화,1.0,-4.0,NC,2021,08,13,금,20210813N한
507,잠실,롯데,4.0,LG,3.0,-1.0,롯데,2021,08,14,토,20210814롯L
508,문학,기아,2.0,SK,2.0,0.0,무승부,2021,08,14,토,20210814기S
509,수원,삼성,4.0,KT,8.0,4.0,KT,2021,08,14,토,20210814삼K
510,고척,두산,1.0,키움,5.0,4.0,키움,2021,08,14,토,20210814두키
511,대전,NC,9.0,한화,9.0,0.0,무승부,2021,08,14,토,20210814N한
512,잠실,롯데,1.0,LG,7.0,6.0,LG,2021,08,15,일,20210815롯L
513,문학,기아,5.0,SK,10.0,5.0,SK,2021,08,15,일,20210815기S
514,수원,삼성,4.0,KT,6.0,2.0,KT,2021,08,15,일,20210815삼K
515,고척,두산,1.0,키움,8.0,7.0,키움,2021,08,15,일,20210815두키
516,대전,NC,3.0,한화,3.0,0.0,무승부,2021,08,15,일,20210815N한
519,사직,키움,0.0,롯데,1.0,1.0,롯데,2021,08,17,화,20210817키롯
520,수원,LG,5.0,KT,5.0,0.0,무승부,2021,08,17,화,20210817LK
521,대전,삼성,2.0,한화,4.0,2.0,한화,2021,08,17,화,20210817삼한
522,잠실,기아,7.0,두산,3.0,-4.0,기아,2021,08,18,수,20210818기두
523,문학,NC,1.0,SK,6.0,5.0,SK,2021,08,18,수,20210818NS
524,사직,키움,0.0,롯데,3.0,3.0,롯데,2021,08,18,수,20210818키롯
525,수원,LG,1.0,KT,8.0,7.0,KT,2021,08,18,수,20210818LK
526,대전,삼성,6.0,한화,2.0,-4.0,삼성,2021,08,18,수,20210818삼한
527,잠실,기아,5.0,두산,5.0,0.0,무승부,2021,08,19,목,20210819기두
528,문학,NC,8.0,SK,5.0,-3.0,NC,2021,08,19,목,20210819NS
530,수원,LG,1.0,KT,0.0,-1.0,LG,2021,08,19,목,20210819LK
531,대전,삼성,11.0,한화,3.0,-8.0,삼성,2021,08,19,목,20210819삼한
532,잠실,한화,1.0,두산,9.0,8.0,두산,2021,08,20,금,20210820한두
533,사직,KT,5.0,롯데,4.0,-1.0,KT,2021,08,20,금,20210820K롯
534,대구,SK,2.0,삼성,3.0,1.0,삼성,2021,08,20,금,20210820S삼
535,광주,키움,2.0,기아,3.0,1.0,기아,2021,08,20,금,20210820키기
536,창원,LG,3.0,NC,8.0,5.0,NC,2021,08,20,금,20210820LN
537,잠실,한화,3.0,두산,1.0,-2.0,한화,2021,08,21,토,20210821한두
542,잠실,한화,11.0,두산,3.0,-8.0,한화,2021,08,22,일,20210822한두
543,사직,KT,3.0,롯데,1.0,-2.0,KT,2021,08,22,일,20210822K롯
544,대구,SK,4.0,삼성,4.0,0.0,무승부,2021,08,22,일,20210822S삼
545,창원,LG,3.0,NC,4.0,1.0,NC,2021,08,22,일,20210822LN
546,광주,키움,6.0,기아,1.0,-5.0,키움,2021,08,22,일,20210822키기
548,사직,KT,2.0,롯데,6.0,4.0,롯데,2021,08,23,월,20210823K롯
552,잠실,한화,8.0,두산,11.0,3.0,두산,2021,08,24,화,20210824한두
554,대구,SK,8.0,삼성,9.0,1.0,삼성,2021,08,24,화,20210824S삼
556,광주,키움,8.0,기아,2.0,-6.0,키움,2021,08,24,화,20210824키기
557,잠실,삼성,3.0,LG,3.0,0.0,무승부,2021,08,25,수,20210825삼L
559,수원,SK,1.0,KT,7.0,6.0,KT,2021,08,25,수,20210825SK
560,광주,롯데,6.0,기아,11.0,5.0,기아,2021,08,25,수,20210825롯기
561,고척,한화,7.0,키움,2.0,-5.0,한화,2021,08,25,수,20210825한키
562,창원,두산,7.0,NC,0.0,-7.0,두산,2021,08,26,목,20210826두N
563,창원,두산,5.0,NC,3.0,-2.0,두산,2021,08,26,목,20210826두N
564,잠실,삼성,3.0,LG,4.0,1.0,LG,2021,08,26,목,20210826삼L
565,수원,SK,5.0,KT,10.0,5.0,KT,2021,08,26,목,20210826SK
566,광주,롯데,3.0,기아,3.0,0.0,무승부,2021,08,26,목,20210826롯기
567,고척,한화,4.0,키움,4.0,0.0,무승부,2021,08,26,목,20210826한키
568,잠실,삼성,1.0,LG,3.0,2.0,LG,2021,08,27,금,20210827삼L
569,수원,SK,4.0,KT,6.0,2.0,KT,2021,08,27,금,20210827SK
571,고척,한화,3.0,키움,4.0,1.0,키움,2021,08,27,금,20210827한키
572,창원,두산,2.0,NC,4.0,2.0,NC,2021,08,27,금,20210827두N
573,잠실,키움,2.0,LG,3.0,1.0,LG,2021,08,28,토,20210828키L
574,문학,기아,4.0,SK,12.0,8.0,SK,2021,08,28,토,20210828기S
575,사직,두산,10.0,롯데,10.0,0.0,무승부,2021,08,28,토,20210828두롯
576,수원,삼성,6.0,KT,5.0,-1.0,삼성,2021,08,28,토,20210828삼K
577,대전,NC,1.0,한화,9.0,8.0,한화,2021,08,28,토,20210828N한
578,잠실,키움,2.0,LG,11.0,9.0,LG,2021,08,29,일,20210829키L
579,문학,기아,0.0,SK,9.0,9.0,SK,2021,08,29,일,20210829기S
580,사직,두산,2.0,롯데,4.0,2.0,롯데,2021,08,29,일,20210829두롯
581,수원,삼성,3.0,KT,8.0,5.0,KT,2021,08,29,일,20210829삼K
582,대전,NC,2.0,한화,3.0,1.0,한화,2021,08,29,일,20210829N한
585,사직,LG,9.0,롯데,4.0,-5.0,LG,2021,08,31,화,20210831L롯
586,대구,키움,2.0,삼성,3.0,1.0,삼성,2021,08,31,화,20210831키삼
587,대전,KT,2.0,한화,5.0,3.0,한화,2021,08,31,화,20210831K한
588,잠실,기아,0.0,두산,5.0,5.0,두산,2021,09,01,수,20210901기두
589,문학,NC,9.0,SK,2.0,-7.0,NC,2021,09,01,수,20210901NS
590,대구,키움,1.0,삼성,7.0,6.0,삼성,2021,09,01,수,20210901키삼
591,잠실,기아,3.0,두산,2.0,-1.0,기아,2021,09,01,수,20210901기두
592,문학,NC,4.0,SK,9.0,5.0,SK,2021,09,01,수,20210901NS
595,대전,KT,8.0,한화,3.0,-5.0,KT,2021,09,01,수,20210901K한
596,잠실,NC,0.0,LG,5.0,5.0,LG,2021,09,02,목,20210902NL
597,문학,두산,1.0,SK,10.0,9.0,SK,2021,09,02,목,20210902두S
599,광주,삼성,5.0,기아,1.0,-4.0,삼성,2021,09,02,목,20210902삼기
600,고척,KT,0.0,키움,1.0,1.0,키움,2021,09,02,목,20210902K키
601,사직,한화,3.0,롯데,6.0,3.0,롯데,2021,09,03,금,20210903한롯
602,사직,한화,0.0,롯데,2.0,2.0,롯데,2021,09,03,금,20210903한롯
603,잠실,NC,5.0,LG,2.0,-3.0,NC,2021,09,03,금,20210903NL
604,문학,두산,1.0,SK,3.0,2.0,SK,2021,09,03,금,20210903두S
605,광주,삼성,9.0,기아,3.0,-6.0,삼성,2021,09,03,금,20210903삼기
606,고척,KT,11.0,키움,1.0,-10.0,KT,2021,09,03,금,20210903K키
607,잠실,KT,11.0,LG,1.0,-10.0,KT,2021,09,04,토,20210904KL
608,대구,두산,4.0,삼성,11.0,7.0,삼성,2021,09,04,토,20210904두삼
609,창원,롯데,8.0,NC,2.0,-6.0,롯데,2021,09,04,토,20210904롯N
610,고척,SK,2.0,키움,9.0,7.0,키움,2021,09,04,토,20210904S키
611,대전,기아,2.0,한화,6.0,4.0,한화,2021,09,04,토,20210904기한
612,잠실,KT,11.0,LG,0.0,-11.0,KT,2021,09,05,일,20210905KL
613,대구,두산,6.0,삼성,5.0,-1.0,두산,2021,09,05,일,20210905두삼
614,창원,롯데,3.0,NC,9.0,6.0,NC,2021,09,05,일,20210905롯N
615,고척,SK,8.0,키움,10.0,2.0,키움,2021,09,05,일,20210905S키
616,대전,기아,5.0,한화,5.0,0.0,무승부,2021,09,05,일,20210905기한
619,대구,롯데,4.0,삼성,2.0,-2.0,롯데,2021,09,07,화,20210907롯삼
620,창원,한화,4.0,NC,16.0,12.0,NC,2021,09,07,화,20210907한N
622,잠실,키움,1.0,두산,7.0,6.0,두산,2021,09,08,수,20210908키두
623,문학,LG,3.0,SK,5.0,2.0,SK,2021,09,08,수,20210908LS
624,대구,롯데,5.0,삼성,4.0,-1.0,롯데,2021,09,08,수,20210908롯삼
625,창원,한화,3.0,NC,1.0,-2.0,한화,2021,09,08,수,20210908한N
626,수원,기아,5.0,KT,5.0,0.0,무승부,2021,09,08,수,20210908기K
627,잠실,한화,1.0,LG,8.0,7.0,LG,2021,09,09,목,20210909한L
628,사직,SK,9.0,롯데,2.0,-7.0,SK,2021,09,09,목,20210909S롯
629,대구,KT,7.0,삼성,8.0,1.0,삼성,2021,09,09,목,20210909K삼
630,창원,두산,6.0,NC,2.0,-4.0,두산,2021,09,09,목,20210909두N
631,고척,기아,3.0,키움,5.0,2.0,키움,2021,09,09,목,20210909기키
632,잠실,한화,0.0,LG,2.0,2.0,LG,2021,09,10,금,20210910한L
633,사직,SK,3.0,롯데,4.0,1.0,롯데,2021,09,10,금,20210910S롯
634,대구,KT,2.0,삼성,2.0,0.0,무승부,2021,09,10,금,20210910K삼
635,고척,기아,3.0,키움,4.0,1.0,키움,2021,09,10,금,20210910기키
636,창원,두산,8.0,NC,1.0,-7.0,두산,2021,09,10,금,20210910두N
637,잠실,LG,5.0,두산,5.0,0.0,무승부,2021,09,11,토,20210911L두
638,사직,키움,13.0,롯데,7.0,-6.0,키움,2021,09,11,토,20210911키롯
639,수원,SK,2.0,KT,2.0,0.0,무승부,2021,09,11,토,20210911SK
640,광주,NC,3.0,기아,5.0,2.0,기아,2021,09,11,토,20210911N기
641,대전,삼성,5.0,한화,4.0,-1.0,삼성,2021,09,11,토,20210911삼한
642,잠실,LG,5.0,두산,8.0,3.0,두산,2021,09,12,일,20210912L두
643,사직,키움,8.0,롯데,3.0,-5.0,키움,2021,09,12,일,20210912키롯
644,수원,SK,0.0,KT,10.0,10.0,KT,2021,09,12,일,20210912SK
645,광주,NC,8.0,기아,2.0,-6.0,NC,2021,09,12,일,20210912N기
646,대전,삼성,3.0,한화,3.0,0.0,무승부,2021,09,12,일,20210912삼한
647,잠실,LG,5.0,두산,8.0,3.0,두산,2021,09,12,일,20210912L두
648,사직,키움,2.0,롯데,3.0,1.0,롯데,2021,09,12,일,20210912키롯
649,수원,SK,2.0,KT,3.0,1.0,KT,2021,09,12,일,20210912SK
650,광주,NC,3.0,기아,0.0,-3.0,NC,2021,09,12,일,20210912N기
651,대전,삼성,6.0,한화,6.0,0.0,무승부,2021,09,12,일,20210912삼한
652,잠실,KT,4.0,두산,3.0,-1.0,KT,2021,09,14,화,20210914K두
653,문학,한화,11.0,SK,5.0,-6.0,한화,2021,09,14,화,20210914한S
654,대구,LG,3.0,삼성,3.0,0.0,무승부,2021,09,14,화,20210914L삼
655,창원,키움,8.0,NC,10.0,2.0,NC,2021,09,14,화,20210914키N
656,광주,롯데,8.0,기아,7.0,-1.0,롯데,2021,09,14,화,20210914롯기
657,광주,롯데,6.0,기아,3.0,-3.0,롯데,2021,09,15,수,20210915롯기
658,광주,롯데,3.0,기아,5.0,2.0,기아,2021,09,15,수,20210915롯기
659,잠실,KT,2.0,두산,6.0,4.0,두산,2021,09,15,수,20210915K두
660,문학,한화,6.0,SK,9.0,3.0,SK,2021,09,15,수,20210915한S
661,대구,LG,5.0,삼성,2.0,-3.0,LG,2021,09,15,수,20210915L삼
662,창원,키움,2.0,NC,13.0,11.0,NC,2021,09,15,수,20210915키N
663,잠실,SK,3.0,두산,3.0,0.0,무승부,2021,09,16,목,20210916S두
664,대구,기아,6.0,삼성,5.0,-1.0,기아,2021,09,16,목,20210916기삼
665,창원,LG,0.0,NC,2.0,2.0,NC,2021,09,16,목,20210916LN
666,수원,롯데,4.0,KT,7.0,3.0,KT,2021,09,16,목,20210916롯K
667,고척,한화,8.0,키움,8.0,0.0,무승부,2021,09,16,목,20210916한키
669,잠실,SK,2.0,두산,7.0,5.0,두산,2021,09,17,금,20210917S두
670,대구,기아,3.0,삼성,6.0,3.0,삼성,2021,09,17,금,20210917기삼
671,창원,LG,4.0,NC,6.0,2.0,NC,2021,09,17,금,20210917LN
672,수원,롯데,2.0,KT,0.0,-2.0,롯데,2021,09,17,금,20210917롯K
673,고척,한화,15.0,키움,5.0,-10.0,한화,2021,09,17,금,20210917한키
674,잠실,기아,9.0,LG,6.0,-3.0,기아,2021,09,18,토,20210918기L
675,문학,삼성,9.0,SK,4.0,-5.0,삼성,2021,09,18,토,20210918삼S
676,창원,KT,8.0,NC,1.0,-7.0,KT,2021,09,18,토,20210918KN
677,고척,두산,3.0,키움,3.0,0.0,무승부,2021,09,18,토,20210918두키
678,대전,롯데,2.0,한화,13.0,11.0,한화,2021,09,18,토,20210918롯한
679,잠실,기아,3.0,LG,4.0,1.0,LG,2021,09,19,일,20210919기L
680,문학,삼성,4.0,SK,4.0,0.0,무승부,2021,09,19,일,20210919삼S
681,창원,KT,8.0,NC,2.0,-6.0,KT,2021,09,19,일,20210919KN
682,고척,두산,6.0,키움,0.0,-6.0,두산,2021,09,19,일,20210919두키
683,대전,롯데,3.0,한화,1.0,-2.0,롯데,2021,09,19,일,20210919롯한
684,잠실,NC,2.0,두산,12.0,10.0,두산,2021,09,21,화,20210921N두
685,문학,키움,10.0,SK,13.0,3.0,SK,2021,09,21,화,20210921키S
686,사직,삼성,11.0,롯데,9.0,-2.0,삼성,2021,09,21,화,20210921삼롯
687,광주,KT,11.0,기아,5.0,-6.0,KT,2021,09,21,화,20210921K기
688,대전,LG,6.0,한화,15.0,9.0,한화,2021,09,21,화,20210921L한
689,잠실,NC,0.0,두산,8.0,8.0,두산,2021,09,22,수,20210922N두
690,문학,키움,7.0,SK,7.0,0.0,무승부,2021,09,22,수,20210922키S
691,사직,삼성,8.0,롯데,17.0,9.0,롯데,2021,09,22,수,20210922삼롯
692,광주,KT,2.0,기아,7.0,5.0,기아,2021,09,22,수,20210922K기
693,대전,LG,12.0,한화,3.0,-9.0,LG,2021,09,22,수,20210922L한
694,잠실,삼성,7.0,LG,4.0,-3.0,삼성,2021,09,23,목,20210923삼L
695,문학,롯데,8.0,SK,9.0,1.0,SK,2021,09,23,목,20210923롯S
696,수원,한화,1.0,KT,3.0,2.0,KT,2021,09,23,목,20210923한K
697,광주,두산,3.0,기아,1.0,-2.0,두산,2021,09,23,목,20210923두기
698,고척,NC,1.0,키움,4.0,3.0,키움,2021,09,23,목,20210923N키
699,문학,롯데,4.0,SK,9.0,5.0,SK,2021,09,24,금,20210924롯S
700,문학,롯데,6.0,SK,6.0,0.0,무승부,2021,09,24,금,20210924롯S
701,잠실,삼성,3.0,LG,11.0,8.0,LG,2021,09,24,금,20210924삼L
702,수원,한화,4.0,KT,1.0,-3.0,한화,2021,09,24,금,20210924한K
703,광주,두산,8.0,기아,2.0,-6.0,두산,2021,09,24,금,20210924두기
704,고척,NC,2.0,키움,3.0,1.0,키움,2021,09,24,금,20210924N키
705,잠실,한화,5.0,두산,1.0,-4.0,한화,2021,09,25,토,20210925한두
706,대구,NC,0.0,삼성,1.0,1.0,삼성,2021,09,25,토,20210925N삼
707,수원,LG,0.0,KT,0.0,0.0,무승부,2021,09,25,토,20210925LK
708,광주,SK,1.0,기아,7.0,6.0,기아,2021,09,25,토,20210925S기
709,고척,롯데,12.0,키움,6.0,-6.0,롯데,2021,09,25,토,20210925롯키
710,잠실,한화,3.0,두산,5.0,2.0,두산,2021,09,26,일,20210926한두
711,대구,NC,0.0,삼성,1.0,1.0,삼성,2021,09,26,일,20210926N삼
712,수원,LG,4.0,KT,0.0,-4.0,LG,2021,09,26,일,20210926LK
713,광주,SK,5.0,기아,6.0,1.0,기아,2021,09,26,일,20210926S기
714,고척,롯데,2.0,키움,11.0,9.0,키움,2021,09,26,일,20210926롯키
715,잠실,롯데,2.0,LG,5.0,3.0,LG,2021,09,28,화,20210928롯L
716,대구,SK,7.0,삼성,2.0,-5.0,SK,2021,09,28,화,20210928S삼
717,창원,기아,9.0,NC,10.0,1.0,NC,2021,09,28,화,20210928기N
718,수원,두산,1.0,KT,5.0,4.0,KT,2021,09,28,화,20210928두K
719,대전,키움,1.0,한화,1.0,0.0,무승부,2021,09,28,화,20210928키한
720,창원,기아,1.0,NC,4.0,3.0,NC,2021,09,29,수,20210929기N
724,수원,두산,8.0,KT,3.0,-5.0,두산,2021,09,29,수,20210929두K
726,잠실,두산,4.0,LG,12.0,8.0,LG,2021,09,30,목,20210930두L
727,사직,KT,4.0,롯데,8.0,4.0,롯데,2021,09,30,목,20210930K롯
728,대구,한화,2.0,삼성,6.0,4.0,삼성,2021,09,30,목,20210930한삼
729,창원,SK,2.0,NC,6.0,4.0,NC,2021,09,30,목,20210930SN
730,광주,키움,2.0,기아,0.0,-2.0,키움,2021,09,30,목,20210930키기
4,고척,삼성,1.0,키움,6.0,5.0,키움,2022,04,02,토,20220402삼키
5,잠실,기아,1.0,두산,4.0,3.0,두산,2022,04,03,일,20220403기두
6,창원,롯데,3.0,SK,5.0,2.0,SK,2022,04,03,일,20220403롯S
7,수원,LG,2.0,NC,1.0,-1.0,LG,2022,04,03,일,20220403LN
8,광주,한화,2.0,KT,3.0,1.0,KT,2022,04,03,일,20220403한K
9,고척,삼성,4.0,키움,7.0,3.0,키움,2022,04,03,일,20220403삼키
10,잠실,삼성,3.0,두산,6.0,3.0,두산,2022,04,05,화,20220405삼두
11,창원,한화,1.0,SK,2.0,1.0,SK,2022,04,05,화,20220405한S
12,수원,롯데,10.0,NC,5.0,-5.0,롯데,2022,04,05,화,20220405롯N
13,광주,LG,3.0,KT,2.0,-1.0,LG,2022,04,05,화,20220405LK
14,고척,기아,5.0,키움,4.0,-1.0,기아,2022,04,05,화,20220405기키
15,잠실,삼성,0.0,두산,1.0,1.0,두산,2022,04,06,수,20220406삼두
16,창원,한화,17.0,SK,0.0,-17.0,한화,2022,04,06,수,20220406한S
17,수원,롯데,6.0,NC,10.0,4.0,NC,2022,04,06,수,20220406롯N
18,광주,LG,3.0,KT,7.0,4.0,KT,2022,04,06,수,20220406LK
19,고척,기아,8.0,키움,7.0,-1.0,기아,2022,04,06,수,20220406기키
20,잠실,삼성,6.0,두산,1.0,-5.0,삼성,2022,04,07,목,20220407삼두
21,창원,한화,4.0,SK,6.0,2.0,SK,2022,04,07,목,20220407한S
22,수원,롯데,8.0,NC,4.0,-4.0,롯데,2022,04,07,목,20220407롯N
23,광주,LG,7.0,KT,3.0,-4.0,LG,2022,04,07,목,20220407LK
24,고척,기아,5.0,키움,3.0,-2.0,기아,2022,04,07,목,20220407기키
25,잠실,SK,5.0,LG,9.0,4.0,LG,2022,04,08,금,20220408SL
26,문학,키움,7.0,롯데,2.0,-5.0,키움,2022,04,08,금,20220408키롯
27,사직,KT,5.0,삼성,7.0,2.0,삼성,2022,04,08,금,20220408K삼
28,대구,NC,10.0,기아,6.0,-4.0,NC,2022,04,08,금,20220408N기
29,대전,두산,0.0,한화,7.0,7.0,한화,2022,04,08,금,20220408두한
30,잠실,SK,4.0,LG,3.0,-1.0,SK,2022,04,09,토,20220409SL
31,문학,KT,6.0,삼성,7.0,1.0,삼성,2022,04,09,토,20220409K삼
32,사직,키움,0.0,롯데,13.0,13.0,롯데,2022,04,09,토,20220409키롯
33,대구,NC,9.0,기아,2.0,-7.0,NC,2022,04,09,토,20220409N기
34,대전,두산,18.0,한화,1.0,-17.0,두산,2022,04,09,토,20220409두한
35,잠실,SK,0.0,LG,1.0,1.0,LG,2022,04,10,일,20220410SL
36,문학,키움,3.0,롯데,2.0,-1.0,키움,2022,04,10,일,20220410키롯
37,사직,KT,2.0,삼성,4.0,2.0,삼성,2022,04,10,일,20220410K삼
38,대구,NC,7.0,기아,3.0,-4.0,NC,2022,04,10,일,20220410N기
39,대전,두산,2.0,한화,3.0,1.0,한화,2022,04,10,일,20220410두한
40,잠실,KT,8.0,두산,7.0,-1.0,KT,2022,04,12,화,20220412K두
41,대구,NC,4.0,SK,2.0,-2.0,NC,2022,04,12,화,20220412NS
42,수원,한화,3.0,삼성,4.0,1.0,삼성,2022,04,12,화,20220412한삼
43,광주,롯데,8.0,기아,0.0,-8.0,롯데,2022,04,12,화,20220412롯기
44,고척,LG,2.0,키움,8.0,6.0,키움,2022,04,12,화,20220412L키
45,잠실,KT,1.0,두산,3.0,2.0,두산,2022,04,13,수,20220413K두
46,대구,NC,3.0,SK,0.0,-3.0,NC,2022,04,13,수,20220413NS
47,수원,한화,6.0,삼성,2.0,-4.0,한화,2022,04,13,수,20220413한삼
48,광주,롯데,2.0,기아,3.0,1.0,기아,2022,04,13,수,20220413롯기
49,고척,LG,13.0,키움,2.0,-11.0,LG,2022,04,13,수,20220413L키
50,잠실,KT,8.0,두산,3.0,-5.0,KT,2022,04,14,목,20220414K두
51,대구,NC,3.0,SK,9.0,6.0,SK,2022,04,14,목,20220414NS
52,수원,한화,0.0,삼성,4.0,4.0,삼성,2022,04,14,목,20220414한삼
53,광주,롯데,5.0,기아,10.0,5.0,기아,2022,04,14,목,20220414롯기
54,고척,LG,6.0,키움,4.0,-2.0,LG,2022,04,14,목,20220414L키
55,잠실,두산,0.0,LG,1.0,1.0,LG,2022,04,15,금,20220415두L
56,문학,기아,11.0,SK,6.0,-5.0,기아,2022,04,15,금,20220415기S
57,사직,삼성,3.0,롯데,9.0,6.0,롯데,2022,04,15,금,20220415삼롯
58,창원,키움,4.0,KT,8.0,4.0,KT,2022,04,15,금,20220415키K
59,대전,한화,1.0,NC,9.0,8.0,NC,2022,04,15,금,20220415한N
60,문학,기아,3.0,SK,4.0,1.0,SK,2022,04,16,토,20220416기S
61,잠실,두산,3.0,LG,1.0,-2.0,두산,2022,04,16,토,20220416두L
62,사직,삼성,12.0,롯데,0.0,-12.0,삼성,2022,04,16,토,20220416삼롯
63,창원,한화,4.0,NC,14.0,10.0,NC,2022,04,16,토,20220416한N
64,대전,키움,5.0,KT,8.0,3.0,KT,2022,04,16,토,20220416키K
65,잠실,두산,9.0,LG,1.0,-8.0,두산,2022,04,17,일,20220417두L
66,문학,기아,2.0,SK,4.0,2.0,SK,2022,04,17,일,20220417기S
67,사직,삼성,7.0,롯데,0.0,-7.0,삼성,2022,04,17,일,20220417삼롯
68,창원,한화,11.0,NC,3.0,-8.0,한화,2022,04,17,일,20220417한N
69,대전,키움,2.0,KT,10.0,8.0,KT,2022,04,17,일,20220417키K
70,잠실,기아,6.0,LG,3.0,-3.0,기아,2022,04,19,화,20220419기L
71,문학,두산,5.0,롯데,10.0,5.0,롯데,2022,04,19,화,20220419두롯
72,사직,SK,10.0,삼성,7.0,-3.0,SK,2022,04,19,화,20220419S삼
73,창원,KT,5.0,NC,2.0,-3.0,KT,2022,04,19,화,20220419KN
74,광주,키움,3.0,한화,7.0,4.0,한화,2022,04,19,화,20220419키한
75,잠실,기아,3.0,LG,7.0,4.0,LG,2022,04,20,수,20220420기L
76,문학,두산,9.0,롯데,10.0,1.0,롯데,2022,04,20,수,20220420두롯
77,사직,SK,4.0,삼성,14.0,10.0,삼성,2022,04,20,수,20220420S삼
78,창원,KT,3.0,NC,4.0,1.0,NC,2022,04,20,수,20220420KN
79,광주,키움,3.0,한화,4.0,1.0,한화,2022,04,20,수,20220420키한
80,잠실,기아,3.0,LG,2.0,-1.0,기아,2022,04,21,목,20220421기L
81,문학,두산,13.0,롯데,1.0,-12.0,두산,2022,04,21,목,20220421두롯
82,사직,SK,11.0,삼성,6.0,-5.0,SK,2022,04,21,목,20220421S삼
83,창원,KT,11.0,NC,5.0,-6.0,KT,2022,04,21,목,20220421KN
84,광주,키움,8.0,한화,3.0,-5.0,키움,2022,04,21,목,20220421키한
85,잠실,NC,1.0,두산,5.0,4.0,두산,2022,04,22,금,20220422N두
86,대구,롯데,10.0,KT,5.0,-5.0,롯데,2022,04,22,금,20220422롯K
87,수원,삼성,1.0,기아,4.0,3.0,기아,2022,04,22,금,20220422삼기
88,고척,SK,9.0,키움,5.0,-4.0,SK,2022,04,22,금,20220422S키
89,대전,LG,2.0,한화,1.0,-1.0,LG,2022,04,22,금,20220422L한
90,고척,SK,5.0,키움,4.0,-1.0,SK,2022,04,23,토,20220423S키
91,잠실,LG,5.0,한화,19.0,14.0,한화,2022,04,23,토,20220423L한
92,대구,NC,6.0,두산,9.0,3.0,두산,2022,04,23,토,20220423N두
93,수원,롯데,4.0,KT,2.0,-2.0,롯데,2022,04,23,토,20220423롯K
94,대전,삼성,8.0,기아,4.0,-4.0,삼성,2022,04,23,토,20220423삼기
95,잠실,NC,10.0,두산,0.0,-10.0,NC,2022,04,24,일,20220424N두
96,대구,롯데,5.0,KT,6.0,1.0,KT,2022,04,24,일,20220424롯K
97,수원,삼성,3.0,기아,2.0,-1.0,삼성,2022,04,24,일,20220424삼기
98,고척,SK,3.0,키움,4.0,1.0,키움,2022,04,24,일,20220424S키
99,대전,LG,8.0,한화,0.0,-8.0,LG,2022,04,24,일,20220424L한
100,잠실,롯데,0.0,LG,4.0,4.0,LG,2022,04,26,화,20220426롯L
101,사직,KT,14.0,SK,5.0,-9.0,KT,2022,04,26,화,20220426KS
102,대구,NC,0.0,삼성,9.0,9.0,삼성,2022,04,26,화,20220426N삼
103,수원,한화,3.0,기아,4.0,1.0,기아,2022,04,26,화,20220426한기
104,대전,두산,4.0,키움,5.0,1.0,키움,2022,04,26,화,20220426두키
105,잠실,롯데,3.0,LG,0.0,-3.0,롯데,2022,04,27,수,20220427롯L
106,사직,KT,2.0,SK,4.0,2.0,SK,2022,04,27,수,20220427KS
107,대구,NC,3.0,삼성,4.0,1.0,삼성,2022,04,27,수,20220427N삼
108,수원,한화,0.0,기아,4.0,4.0,기아,2022,04,27,수,20220427한기
109,대전,두산,4.0,키움,5.0,1.0,키움,2022,04,27,수,20220427두키
110,잠실,롯데,2.0,LG,3.0,1.0,LG,2022,04,28,목,20220428롯L
111,사직,KT,6.0,SK,1.0,-5.0,KT,2022,04,28,목,20220428KS
112,대구,NC,9.0,삼성,0.0,-9.0,NC,2022,04,28,목,20220428N삼
113,수원,한화,2.0,기아,3.0,1.0,기아,2022,04,28,목,20220428한기
114,대전,두산,15.0,키움,4.0,-11.0,두산,2022,04,28,목,20220428두키
115,잠실,SK,4.0,두산,9.0,5.0,두산,2022,04,29,금,20220429S두
116,문학,한화,11.0,롯데,7.0,-4.0,한화,2022,04,29,금,20220429한롯
117,창원,LG,0.0,삼성,4.0,4.0,삼성,2022,04,29,금,20220429L삼
118,광주,기아,3.0,KT,15.0,12.0,KT,2022,04,29,금,20220429기K
119,고척,키움,4.0,NC,3.0,-1.0,키움,2022,04,29,금,20220429키N
120,광주,SK,5.0,두산,2.0,-3.0,SK,2022,04,30,토,20220430S두
121,잠실,한화,11.0,롯데,3.0,-8.0,한화,2022,04,30,토,20220430한롯
122,문학,LG,2.0,삼성,8.0,6.0,삼성,2022,04,30,토,20220430L삼
123,창원,키움,13.0,NC,9.0,-4.0,키움,2022,04,30,토,20220430키N
124,고척,기아,0.0,KT,3.0,3.0,KT,2022,04,30,토,20220430기K
125,잠실,SK,5.0,두산,8.0,3.0,두산,2022,05,01,일,20220501S두
126,문학,한화,5.0,롯데,4.0,-1.0,한화,2022,05,01,일,20220501한롯
127,창원,LG,4.0,삼성,6.0,2.0,삼성,2022,05,01,일,20220501L삼
128,광주,키움,0.0,NC,5.0,5.0,NC,2022,05,01,일,20220501키N
129,고척,기아,2.0,KT,9.0,7.0,KT,2022,05,01,일,20220501기K
135,잠실,LG,7.0,두산,4.0,-3.0,LG,2022,05,04,수,20220504L두
136,문학,기아,8.0,롯데,5.0,-3.0,기아,2022,05,04,수,20220504기롯
137,대구,SK,13.0,NC,12.0,-1.0,SK,2022,05,04,수,20220504SN
138,수원,KT,0.0,키움,14.0,14.0,키움,2022,05,04,수,20220504K키
139,광주,삼성,4.0,한화,1.0,-3.0,삼성,2022,05,04,수,20220504삼한
140,잠실,LG,7.0,두산,2.0,-5.0,LG,2022,05,05,목,20220505L두
141,문학,기아,9.0,롯데,17.0,8.0,롯데,2022,05,05,목,20220505기롯
142,대구,SK,1.0,NC,7.0,6.0,NC,2022,05,05,목,20220505SN
143,수원,KT,4.0,키움,6.0,2.0,키움,2022,05,05,목,20220505K키
144,광주,삼성,5.0,한화,6.0,1.0,한화,2022,05,05,목,20220505삼한
147,창원,롯데,1.0,삼성,4.0,3.0,삼성,2022,05,06,금,20220506롯삼
154,대전,한화,2.0,LG,11.0,9.0,LG,2022,05,07,토,20220507한L
155,잠실,키움,9.0,SK,2.0,-7.0,키움,2022,05,08,일,20220508키S
156,사직,롯데,9.0,삼성,8.0,-1.0,롯데,2022,05,08,일,20220508롯삼
157,창원,NC,5.0,KT,4.0,-1.0,NC,2022,05,08,일,20220508NK
158,고척,두산,11.0,기아,5.0,-6.0,두산,2022,05,08,일,20220508두기
159,대전,롯데,6.0,삼성,8.0,2.0,삼성,2022,05,08,일,20220508롯삼
160,잠실,한화,1.0,LG,11.0,10.0,LG,2022,05,10,화,20220510한L
161,사직,키움,1.0,SK,4.0,3.0,SK,2022,05,10,화,20220510키S
162,대구,NC,16.0,KT,11.0,-5.0,NC,2022,05,10,화,20220510NK
163,광주,두산,5.0,기아,3.0,-2.0,두산,2022,05,10,화,20220510두기
164,고척,한화,5.0,LG,4.0,-1.0,한화,2022,05,10,화,20220510한L
165,잠실,키움,3.0,SK,4.0,1.0,SK,2022,05,11,수,20220511키S
166,사직,NC,5.0,KT,9.0,4.0,KT,2022,05,11,수,20220511NK
167,대구,두산,9.0,기아,0.0,-9.0,두산,2022,05,11,수,20220511두기
168,광주,키움,2.0,두산,3.0,1.0,두산,2022,05,11,수,20220511키두
169,고척,SK,7.0,롯데,6.0,-1.0,SK,2022,05,11,수,20220511S롯
170,잠실,삼성,6.0,KT,9.0,3.0,KT,2022,05,12,목,20220512삼K
171,사직,LG,1.0,기아,7.0,6.0,기아,2022,05,12,목,20220512L기
172,대구,NC,7.0,한화,2.0,-5.0,NC,2022,05,12,목,20220512N한
173,광주,키움,3.0,두산,0.0,-3.0,키움,2022,05,12,목,20220512키두
174,고척,SK,9.0,롯데,2.0,-7.0,SK,2022,05,12,목,20220512S롯
175,잠실,삼성,7.0,KT,5.0,-2.0,삼성,2022,05,13,금,20220513삼K
176,문학,LG,3.0,기아,5.0,2.0,기아,2022,05,13,금,20220513L기
177,대구,NC,6.0,한화,3.0,-3.0,NC,2022,05,13,금,20220513N한
178,수원,키움,14.0,두산,13.0,-1.0,키움,2022,05,13,금,20220513키두
179,대전,SK,4.0,롯데,5.0,1.0,롯데,2022,05,13,금,20220513S롯
180,잠실,삼성,4.0,KT,0.0,-4.0,삼성,2022,05,14,토,20220514삼K
181,문학,LG,8.0,기아,3.0,-5.0,LG,2022,05,14,토,20220514L기
182,대구,NC,4.0,한화,2.0,-2.0,NC,2022,05,14,토,20220514N한
183,수원,삼성,3.0,LG,4.0,1.0,LG,2022,05,14,토,20220514삼L
184,대전,두산,6.0,SK,3.0,-3.0,두산,2022,05,14,토,20220514두S
185,잠실,KT,9.0,롯데,1.0,-8.0,KT,2022,05,15,일,20220515K롯
186,문학,한화,6.0,키움,1.0,-5.0,한화,2022,05,15,일,20220515한키
187,대구,기아,2.0,NC,5.0,3.0,NC,2022,05,15,일,20220515기N
188,수원,기아,3.0,NC,7.0,4.0,NC,2022,05,15,일,20220515기N
189,대전,한화,1.0,키움,15.0,14.0,키움,2022,05,15,일,20220515한키
190,잠실,삼성,4.0,LG,14.0,10.0,LG,2022,05,17,화,20220517삼L
192,창원,KT,5.0,롯데,4.0,-1.0,KT,2022,05,17,화,20220517K롯
197,창원,한화,1.0,키움,5.0,4.0,키움,2022,05,18,수,20220518한키
199,대전,삼성,3.0,LG,1.0,-2.0,삼성,2022,05,18,수,20220518삼L
200,잠실,두산,8.0,SK,3.0,-5.0,두산,2022,05,19,목,20220519두S
203,수원,NC,0.0,LG,1.0,1.0,LG,2022,05,19,목,20220519NL
204,대전,키움,15.0,삼성,3.0,-12.0,키움,2022,05,19,목,20220519키삼
205,잠실,두산,0.0,KT,1.0,1.0,KT,2022,05,20,금,20220520두K
206,문학,SK,7.0,기아,5.0,-2.0,SK,2022,05,20,금,20220520S기
207,대구,롯데,4.0,한화,3.0,-1.0,롯데,2022,05,20,금,20220520롯한
208,광주,NC,5.0,LG,6.0,1.0,LG,2022,05,20,금,20220520NL
209,고척,키움,9.0,삼성,2.0,-7.0,키움,2022,05,20,금,20220520키삼
210,잠실,두산,5.0,KT,6.0,1.0,KT,2022,05,21,토,20220521두K
211,문학,SK,11.0,기아,5.0,-6.0,SK,2022,05,21,토,20220521S기
212,대구,롯데,2.0,한화,12.0,10.0,한화,2022,05,21,토,20220521롯한
213,광주,NC,11.0,LG,1.0,-10.0,NC,2022,05,21,토,20220521NL
218,광주,롯데,9.0,두산,1.0,-8.0,롯데,2022,05,22,일,20220522롯두
219,고척,LG,5.0,SK,6.0,1.0,SK,2022,05,22,일,20220522LS
220,잠실,기아,3.0,삼성,5.0,2.0,삼성,2022,05,24,화,20220524기삼
221,문학,NC,0.0,키움,2.0,2.0,키움,2022,05,24,화,20220524N키
222,대구,KT,0.0,한화,4.0,4.0,한화,2022,05,24,화,20220524K한
223,창원,롯데,3.0,두산,4.0,1.0,두산,2022,05,24,화,20220524롯두
224,대전,LG,3.0,SK,8.0,5.0,SK,2022,05,24,화,20220524LS
225,잠실,기아,9.0,삼성,4.0,-5.0,기아,2022,05,25,수,20220525기삼
226,문학,NC,6.0,키움,13.0,7.0,키움,2022,05,25,수,20220525N키
227,대구,KT,0.0,한화,5.0,5.0,한화,2022,05,25,수,20220525K한
228,창원,롯데,0.0,두산,4.0,4.0,두산,2022,05,25,수,20220525롯두
229,대전,LG,0.0,SK,8.0,8.0,SK,2022,05,25,수,20220525LS
230,잠실,기아,5.0,삼성,7.0,2.0,삼성,2022,05,26,목,20220526기삼
231,문학,NC,4.0,키움,7.0,3.0,키움,2022,05,26,목,20220526N키
232,대구,KT,8.0,한화,1.0,-7.0,KT,2022,05,26,목,20220526K한
238,수원,한화,3.0,두산,9.0,6.0,두산,2022,05,27,금,20220527한두
239,광주,LG,5.0,롯데,3.0,-2.0,LG,2022,05,27,금,20220527L롯
240,사직,삼성,7.0,NC,1.0,-6.0,삼성,2022,05,28,토,20220528삼N
241,광주,SK,9.0,KT,5.0,-4.0,SK,2022,05,28,토,20220528SK
242,잠실,키움,2.0,기아,3.0,1.0,기아,2022,05,28,토,20220528키기
243,창원,한화,3.0,두산,0.0,-3.0,한화,2022,05,28,토,20220528한두
244,수원,LG,8.0,롯데,1.0,-7.0,LG,2022,05,28,토,20220528L롯
245,잠실,삼성,3.0,NC,6.0,3.0,NC,2022,05,29,일,20220529삼N
246,사직,SK,5.0,KT,6.0,1.0,KT,2022,05,29,일,20220529SK
247,창원,키움,4.0,기아,5.0,1.0,기아,2022,05,29,일,20220529키기
248,수원,키움,1.0,LG,3.0,2.0,LG,2022,05,29,일,20220529키L
250,잠실,두산,9.0,삼성,4.0,-5.0,두산,2022,05,31,화,20220531두삼
251,문학,KT,6.0,기아,7.0,1.0,기아,2022,05,31,화,20220531K기
252,사직,SK,12.0,한화,3.0,-9.0,SK,2022,05,31,화,20220531S한
253,고척,NC,10.0,롯데,10.0,0.0,무승부,2022,05,31,화,20220531N롯
254,대전,키움,7.0,LG,2.0,-5.0,키움,2022,05,31,화,20220531키L
255,잠실,두산,4.0,삼성,16.0,12.0,삼성,2022,06,01,수,20220601두삼
256,문학,KT,7.0,기아,5.0,-2.0,KT,2022,06,01,수,20220601K기
257,사직,SK,6.0,한화,2.0,-4.0,SK,2022,06,01,수,20220601S한
258,고척,NC,6.0,롯데,2.0,-4.0,NC,2022,06,01,수,20220601N롯
259,대전,키움,2.0,LG,8.0,6.0,LG,2022,06,01,수,20220601키L
260,잠실,NC,5.0,롯데,4.0,-1.0,NC,2022,06,02,목,20220602N롯
261,문학,두산,4.0,삼성,2.0,-2.0,두산,2022,06,02,목,20220602두삼
262,사직,KT,4.0,기아,3.0,-1.0,KT,2022,06,02,목,20220602K기
263,고척,SK,5.0,한화,1.0,-4.0,SK,2022,06,02,목,20220602S한
264,대전,KT,8.0,LG,1.0,-7.0,KT,2022,06,02,목,20220602KL
265,잠실,삼성,0.0,SK,1.0,1.0,SK,2022,06,03,금,20220603삼S
266,대구,두산,4.0,NC,3.0,-1.0,두산,2022,06,03,금,20220603두N
267,창원,롯데,3.0,키움,0.0,-3.0,롯데,2022,06,03,금,20220603롯키
268,수원,기아,1.0,한화,9.0,8.0,한화,2022,06,03,금,20220603기한
269,대전,KT,5.0,LG,6.0,1.0,LG,2022,06,03,금,20220603KL
270,잠실,삼성,8.0,SK,7.0,-1.0,삼성,2022,06,04,토,20220604삼S
271,대구,두산,5.0,NC,9.0,4.0,NC,2022,06,04,토,20220604두N
272,창원,롯데,4.0,키움,2.0,-2.0,롯데,2022,06,04,토,20220604롯키
273,수원,기아,5.0,한화,3.0,-2.0,기아,2022,06,04,토,20220604기한
277,창원,롯데,4.0,키움,9.0,5.0,키움,2022,06,05,일,20220605롯키
279,대전,SK,2.0,두산,3.0,1.0,두산,2022,06,05,일,20220605S두
280,잠실,롯데,15.0,KT,0.0,-15.0,롯데,2022,06,07,화,20220607롯K
281,사직,LG,3.0,기아,4.0,1.0,기아,2022,06,07,화,20220607L기
282,창원,삼성,6.0,키움,3.0,-3.0,삼성,2022,06,07,화,20220607삼키
283,광주,한화,3.0,NC,6.0,3.0,NC,2022,06,07,화,20220607한N
284,고척,SK,5.0,두산,8.0,3.0,두산,2022,06,07,화,20220607S두
285,잠실,한화,1.0,NC,6.0,5.0,NC,2022,06,08,수,20220608한N
286,사직,롯데,1.0,KT,8.0,7.0,KT,2022,06,08,수,20220608롯K
287,창원,LG,8.0,기아,2.0,-6.0,LG,2022,06,08,수,20220608L기
288,광주,삼성,2.0,키움,6.0,4.0,키움,2022,06,08,수,20220608삼키
289,고척,SK,4.0,두산,1.0,-3.0,SK,2022,06,08,수,20220608S두
290,잠실,한화,13.0,NC,10.0,-3.0,한화,2022,06,09,목,20220609한N
291,사직,롯데,8.0,KT,7.0,-1.0,롯데,2022,06,09,목,20220609롯K
292,창원,LG,10.0,기아,0.0,-10.0,LG,2022,06,09,목,20220609L기
293,광주,삼성,3.0,키움,1.0,-2.0,삼성,2022,06,09,목,20220609삼키
294,고척,NC,1.0,LG,2.0,1.0,LG,2022,06,09,목,20220609NL
295,잠실,KT,4.0,SK,2.0,-2.0,KT,2022,06,10,금,20220610KS
296,문학,두산,9.0,롯데,18.0,9.0,롯데,2022,06,10,금,20220610두롯
297,사직,기아,0.0,삼성,7.0,7.0,삼성,2022,06,10,금,20220610기삼
298,대구,키움,2.0,한화,4.0,2.0,한화,2022,06,10,금,20220610키한
299,광주,NC,3.0,LG,6.0,3.0,LG,2022,06,10,금,20220610NL
300,잠실,KT,7.0,SK,3.0,-4.0,KT,2022,06,11,토,20220611KS
301,문학,두산,14.0,롯데,8.0,-6.0,두산,2022,06,11,토,20220611두롯
302,사직,기아,7.0,삼성,5.0,-2.0,기아,2022,06,11,토,20220611기삼
303,대구,키움,6.0,한화,2.0,-4.0,키움,2022,06,11,토,20220611키한
304,광주,NC,6.0,LG,0.0,-6.0,NC,2022,06,11,토,20220611NL
306,문학,두산,4.0,롯데,5.0,1.0,롯데,2022,06,12,일,20220612두롯
307,사직,기아,2.0,삼성,4.0,2.0,삼성,2022,06,12,일,20220612기삼
308,대구,키움,0.0,한화,1.0,1.0,한화,2022,06,12,일,20220612키한
309,광주,두산,1.0,LG,3.0,2.0,LG,2022,06,12,일,20220612두L
310,잠실,키움,6.0,SK,8.0,2.0,SK,2022,06,14,화,20220614키S
312,수원,NC,5.0,삼성,4.0,-1.0,NC,2022,06,14,화,20220614N삼
313,고척,한화,5.0,KT,6.0,1.0,KT,2022,06,14,화,20220614한K
315,잠실,두산,8.0,LG,3.0,-5.0,두산,2022,06,15,수,20220615두L
316,창원,키움,4.0,SK,5.0,1.0,SK,2022,06,15,수,20220615키S
318,고척,NC,1.0,삼성,4.0,3.0,삼성,2022,06,15,수,20220615N삼
319,대전,한화,2.0,KT,7.0,5.0,KT,2022,06,15,수,20220615한K
320,잠실,기아,6.0,롯데,8.0,2.0,롯데,2022,06,16,목,20220616기롯
321,창원,두산,0.0,LG,2.0,2.0,LG,2022,06,16,목,20220616두L
322,수원,키움,7.0,SK,3.0,-4.0,키움,2022,06,16,목,20220616키S
323,고척,NC,3.0,삼성,5.0,2.0,삼성,2022,06,16,목,20220616N삼
324,대전,한화,3.0,KT,6.0,3.0,KT,2022,06,16,목,20220616한K
325,잠실,기아,6.0,롯데,3.0,-3.0,기아,2022,06,17,금,20220617기롯
326,사직,삼성,8.0,두산,6.0,-2.0,삼성,2022,06,17,금,20220617삼두
329,고척,LG,4.0,키움,2.0,-2.0,LG,2022,06,17,금,20220617L키
330,고척,롯데,2.0,한화,3.0,1.0,한화,2022,06,18,토,20220618롯한
331,잠실,SK,10.0,기아,1.0,-9.0,SK,2022,06,18,토,20220618S기
332,사직,롯데,4.0,한화,9.0,5.0,한화,2022,06,18,토,20220618롯한
333,창원,SK,0.0,기아,2.0,2.0,기아,2022,06,18,토,20220618S기
334,광주,롯데,3.0,한화,4.0,1.0,한화,2022,06,18,토,20220618롯한
335,고척,삼성,5.0,두산,3.0,-2.0,삼성,2022,06,19,일,20220619삼두
336,잠실,KT,7.0,NC,3.0,-4.0,KT,2022,06,19,일,20220619KN
337,사직,LG,3.0,키움,6.0,3.0,키움,2022,06,19,일,20220619L키
338,창원,삼성,2.0,두산,6.0,4.0,두산,2022,06,19,일,20220619삼두
339,광주,KT,1.0,NC,9.0,8.0,NC,2022,06,19,일,20220619KN
340,잠실,SK,6.0,기아,3.0,-3.0,SK,2022,06,21,화,20220621S기
341,문학,LG,6.0,키움,5.0,-1.0,LG,2022,06,21,화,20220621L키
342,대구,롯데,9.0,한화,2.0,-7.0,롯데,2022,06,21,화,20220621롯한
343,수원,기아,0.0,LG,5.0,5.0,LG,2022,06,21,화,20220621기L
344,광주,삼성,4.0,롯데,7.0,3.0,롯데,2022,06,21,화,20220621삼롯
345,잠실,두산,11.0,KT,3.0,-8.0,두산,2022,06,22,수,20220622두K
346,문학,SK,3.0,한화,4.0,1.0,한화,2022,06,22,수,20220622S한
347,대구,키움,0.0,NC,5.0,5.0,NC,2022,06,22,수,20220622키N
348,수원,두산,9.0,KT,3.0,-6.0,두산,2022,06,22,수,20220622두K
349,광주,기아,2.0,LG,7.0,5.0,LG,2022,06,22,수,20220622기L
350,잠실,삼성,9.0,롯데,1.0,-8.0,삼성,2022,06,23,목,20220623삼롯
351,문학,키움,12.0,NC,7.0,-5.0,키움,2022,06,23,목,20220623키N
352,대구,SK,7.0,한화,5.0,-2.0,SK,2022,06,23,목,20220623S한
353,수원,두산,3.0,KT,4.0,1.0,KT,2022,06,23,목,20220623두K
354,광주,기아,0.0,LG,6.0,6.0,LG,2022,06,23,목,20220623기L
355,잠실,삼성,7.0,롯데,8.0,1.0,롯데,2022,06,24,금,20220624삼롯
356,문학,키움,8.0,NC,4.0,-4.0,키움,2022,06,24,금,20220624키N
357,사직,두산,1.0,KT,4.0,3.0,KT,2022,06,24,금,20220624두K
358,수원,SK,4.0,한화,3.0,-1.0,SK,2022,06,24,금,20220624S한
359,대전,키움,3.0,두산,10.0,7.0,두산,2022,06,24,금,20220624키두
360,잠실,LG,14.0,SK,1.0,-13.0,LG,2022,06,25,토,20220625LS
361,문학,NC,5.0,롯데,2.0,-3.0,NC,2022,06,25,토,20220625N롯
362,사직,한화,0.0,삼성,9.0,9.0,삼성,2022,06,25,토,20220625한삼
363,수원,기아,3.0,KT,6.0,3.0,KT,2022,06,25,토,20220625기K
364,대전,키움,4.0,두산,3.0,-1.0,키움,2022,06,25,토,20220625키두
365,잠실,LG,4.0,SK,7.0,3.0,SK,2022,06,26,일,20220626LS
366,문학,NC,7.0,롯데,13.0,6.0,롯데,2022,06,26,일,20220626N롯
367,사직,한화,0.0,삼성,3.0,3.0,삼성,2022,06,26,일,20220626한삼
368,수원,기아,2.0,KT,1.0,-1.0,기아,2022,06,26,일,20220626기K
369,대전,키움,2.0,두산,1.0,-1.0,키움,2022,06,26,일,20220626키두
370,잠실,LG,5.0,SK,8.0,3.0,SK,2022,06,28,화,20220628LS
371,사직,NC,6.0,롯데,4.0,-2.0,NC,2022,06,28,화,20220628N롯
372,대구,한화,2.0,삼성,3.0,1.0,삼성,2022,06,28,화,20220628한삼
373,고척,기아,3.0,KT,6.0,3.0,KT,2022,06,28,화,20220628기K
374,대전,롯데,9.0,두산,1.0,-8.0,롯데,2022,06,28,화,20220628롯두
376,사직,기아,5.0,키움,14.0,9.0,키움,2022,06,29,수,20220629기키
377,대구,KT,2.0,한화,0.0,-2.0,KT,2022,06,29,수,20220629K한
378,고척,SK,10.0,NC,11.0,1.0,NC,2022,06,29,수,20220629SN
379,대전,LG,10.0,삼성,5.0,-5.0,LG,2022,06,29,수,20220629L삼
380,잠실,롯데,4.0,두산,3.0,-1.0,롯데,2022,06,30,목,20220630롯두
381,사직,SK,10.0,NC,10.0,0.0,무승부,2022,06,30,목,20220630SN
382,대구,기아,1.0,키움,6.0,5.0,키움,2022,06,30,목,20220630기키
383,고척,KT,11.0,한화,2.0,-9.0,KT,2022,06,30,목,20220630K한
384,대전,LG,7.0,삼성,10.0,3.0,삼성,2022,06,30,목,20220630L삼
385,잠실,롯데,7.0,두산,6.0,-1.0,롯데,2022,07,01,금,20220701롯두
386,문학,LG,9.0,삼성,5.0,-4.0,LG,2022,07,01,금,20220701L삼
387,창원,SK,3.0,NC,4.0,1.0,NC,2022,07,01,금,20220701SN
388,수원,기아,4.0,키움,5.0,1.0,키움,2022,07,01,금,20220701기키
389,고척,KT,11.0,한화,1.0,-10.0,KT,2022,07,01,금,20220701K한
391,잠실,삼성,3.0,SK,10.0,7.0,SK,2022,07,02,토,20220702삼S
392,문학,NC,7.0,기아,3.0,-4.0,NC,2022,07,02,토,20220702N기
393,창원,롯데,13.0,키움,5.0,-8.0,롯데,2022,07,02,토,20220702롯키
396,잠실,삼성,3.0,SK,3.0,0.0,무승부,2022,07,03,일,20220703삼S
397,문학,삼성,4.0,SK,8.0,4.0,SK,2022,07,03,일,20220703삼S
398,창원,KT,4.0,LG,3.0,-1.0,KT,2022,07,03,일,20220703KL
400,잠실,롯데,5.0,키움,6.0,1.0,키움,2022,07,05,화,20220705롯키
401,문학,두산,8.0,한화,6.0,-2.0,두산,2022,07,05,화,20220705두한
402,대구,KT,6.0,LG,1.0,-5.0,KT,2022,07,05,화,20220705KL
403,광주,삼성,8.0,SK,7.0,-1.0,삼성,2022,07,05,화,20220705삼S
404,대전,NC,3.0,기아,6.0,3.0,기아,2022,07,05,화,20220705N기
405,잠실,롯데,1.0,키움,13.0,12.0,키움,2022,07,06,수,20220706롯키
406,문학,두산,10.0,한화,3.0,-7.0,두산,2022,07,06,수,20220706두한
407,대구,한화,5.0,LG,3.0,-2.0,한화,2022,07,06,수,20220706한L
408,광주,롯데,6.0,SK,5.0,-1.0,롯데,2022,07,06,수,20220706롯S
409,대전,키움,1.0,KT,4.0,3.0,KT,2022,07,06,수,20220706키K
410,잠실,두산,3.0,기아,8.0,5.0,기아,2022,07,07,목,20220707두기
411,문학,삼성,5.0,NC,2.0,-3.0,삼성,2022,07,07,목,20220707삼N
417,수원,한화,0.0,LG,5.0,5.0,LG,2022,07,08,금,20220708한L
418,광주,롯데,6.0,SK,4.0,-2.0,롯데,2022,07,08,금,20220708롯S
419,고척,삼성,5.0,NC,0.0,-5.0,삼성,2022,07,08,금,20220708삼N
420,고척,키움,3.0,KT,12.0,9.0,KT,2022,07,09,토,20220709키K
421,잠실,두산,3.0,기아,7.0,4.0,기아,2022,07,09,토,20220709두기
422,대구,한화,6.0,LG,7.0,1.0,LG,2022,07,09,토,20220709한L
423,수원,롯데,4.0,SK,10.0,6.0,SK,2022,07,09,토,20220709롯S
425,고척,키움,15.0,KT,5.0,-10.0,키움,2022,07,10,일,20220710키K
427,대구,NC,7.0,두산,3.0,-4.0,NC,2022,07,10,일,20220710N두
430,잠실,SK,0.0,키움,4.0,4.0,키움,2022,07,12,화,20220712S키
432,사직,NC,2.0,두산,4.0,2.0,두산,2022,07,12,화,20220712N두
435,잠실,SK,2.0,키움,8.0,6.0,키움,2022,07,13,수,20220713S키
436,문학,기아,4.0,한화,1.0,-3.0,기아,2022,07,13,수,20220713기한
439,수원,KT,3.0,삼성,2.0,-1.0,KT,2022,07,13,수,20220713K삼
440,잠실,SK,9.0,키움,3.0,-6.0,SK,2022,07,14,목,20220714S키
443,창원,한화,9.0,SK,3.0,-6.0,한화,2022,07,14,목,20220714한S
444,수원,롯데,9.0,삼성,5.0,-4.0,롯데,2022,07,14,목,20220714롯삼
445,잠실,KT,4.0,기아,10.0,6.0,기아,2022,07,22,금,20220722K기
448,고척,한화,3.0,SK,1.0,-2.0,한화,2022,07,22,금,20220722한S
449,대전,롯데,2.0,삼성,3.0,1.0,삼성,2022,07,22,금,20220722롯삼
453,창원,한화,2.0,SK,8.0,6.0,SK,2022,07,23,토,20220723한S
454,대전,롯데,0.0,삼성,11.0,11.0,삼성,2022,07,23,토,20220723롯삼
455,고척,KT,0.0,기아,2.0,2.0,기아,2022,07,24,일,20220724K기
487,창원,SK,0.0,LG,4.0,4.0,LG,2022,07,31,일,20220731SL
489,대전,롯데,5.0,NC,2.0,-3.0,롯데,2022,07,31,일,20220731롯N
490,잠실,한화,1.0,기아,4.0,3.0,기아,2022,08,02,화,20220802한기
491,사직,KT,1.0,키움,3.0,2.0,키움,2022,08,02,화,20220802K키
492,창원,SK,5.0,LG,12.0,7.0,LG,2022,08,02,화,20220802SL
493,고척,두산,8.0,삼성,6.0,-2.0,두산,2022,08,02,화,20220802두삼
494,대전,롯데,5.0,NC,4.0,-1.0,롯데,2022,08,02,화,20220802롯N
495,잠실,한화,7.0,기아,7.0,0.0,무승부,2022,08,03,수,20220803한기
496,사직,KT,1.0,키움,4.0,3.0,키움,2022,08,03,수,20220803K키
498,고척,두산,2.0,삼성,9.0,7.0,삼성,2022,08,03,수,20220803두삼
499,대전,롯데,4.0,NC,5.0,1.0,NC,2022,08,03,수,20220803롯N
501,사직,KT,4.0,키움,6.0,2.0,키움,2022,08,04,목,20220804K키
502,창원,롯데,2.0,LG,0.0,-2.0,롯데,2022,08,04,목,20220804롯L
503,고척,기아,8.0,SK,1.0,-7.0,기아,2022,08,04,목,20220804기S
504,대전,삼성,6.0,KT,7.0,1.0,KT,2022,08,04,목,20220804삼K
505,잠실,두산,16.0,키움,9.0,-7.0,두산,2022,08,05,금,20220805두키
506,문학,NC,5.0,한화,1.0,-4.0,NC,2022,08,05,금,20220805N한
507,사직,롯데,4.0,LG,3.0,-1.0,롯데,2022,08,05,금,20220805롯L
508,수원,기아,2.0,SK,2.0,0.0,무승부,2022,08,05,금,20220805기S
509,광주,삼성,4.0,KT,8.0,4.0,KT,2022,08,05,금,20220805삼K
510,잠실,두산,1.0,키움,5.0,4.0,키움,2022,08,06,토,20220806두키
511,문학,NC,9.0,한화,9.0,0.0,무승부,2022,08,06,토,20220806N한
512,사직,롯데,1.0,LG,7.0,6.0,LG,2022,08,06,토,20220806롯L
513,수원,기아,5.0,SK,10.0,5.0,SK,2022,08,06,토,20220806기S
514,광주,삼성,4.0,KT,6.0,2.0,KT,2022,08,06,토,20220806삼K
515,잠실,두산,1.0,키움,8.0,7.0,키움,2022,08,07,일,20220807두키
516,문학,NC,3.0,한화,3.0,0.0,무승부,2022,08,07,일,20220807N한
519,광주,키움,0.0,롯데,1.0,1.0,롯데,2022,08,07,일,20220807키롯
520,잠실,LG,5.0,KT,5.0,0.0,무승부,2022,08,10,수,20220810LK
521,문학,삼성,2.0,한화,4.0,2.0,한화,2022,08,10,수,20220810삼한
522,대구,기아,7.0,두산,3.0,-4.0,기아,2022,08,10,수,20220810기두
523,고척,NC,1.0,SK,6.0,5.0,SK,2022,08,10,수,20220810NS
524,대전,키움,0.0,롯데,3.0,3.0,롯데,2022,08,10,수,20220810키롯
525,잠실,LG,1.0,KT,8.0,7.0,KT,2022,08,11,목,20220811LK
526,문학,삼성,6.0,한화,2.0,-4.0,삼성,2022,08,11,목,20220811삼한
527,대구,기아,5.0,두산,5.0,0.0,무승부,2022,08,11,목,20220811기두
528,고척,NC,8.0,SK,5.0,-3.0,NC,2022,08,11,목,20220811NS
530,잠실,LG,1.0,KT,0.0,-1.0,LG,2022,08,12,금,20220812LK
531,문학,삼성,11.0,한화,3.0,-8.0,삼성,2022,08,12,금,20220812삼한
532,대구,한화,1.0,두산,9.0,8.0,두산,2022,08,12,금,20220812한두
533,고척,KT,5.0,롯데,4.0,-1.0,KT,2022,08,12,금,20220812K롯
534,대전,SK,2.0,삼성,3.0,1.0,삼성,2022,08,12,금,20220812S삼
535,잠실,키움,2.0,기아,3.0,1.0,기아,2022,08,13,토,20220813키기
536,창원,LG,3.0,NC,8.0,5.0,NC,2022,08,13,토,20220813LN
537,수원,한화,3.0,두산,1.0,-2.0,한화,2022,08,13,토,20220813한두
542,수원,한화,11.0,두산,3.0,-8.0,한화,2022,08,14,일,20220814한두
543,광주,KT,3.0,롯데,1.0,-2.0,KT,2022,08,14,일,20220814K롯
544,대전,SK,4.0,삼성,4.0,0.0,무승부,2022,08,14,일,20220814S삼
545,잠실,LG,3.0,NC,4.0,1.0,NC,2022,08,16,화,20220816LN
546,사직,키움,6.0,기아,1.0,-5.0,키움,2022,08,16,화,20220816키기
548,수원,KT,2.0,롯데,6.0,4.0,롯데,2022,08,16,화,20220816K롯
552,창원,한화,8.0,두산,11.0,3.0,두산,2022,08,17,수,20220817한두
554,광주,SK,8.0,삼성,9.0,1.0,삼성,2022,08,17,수,20220817S삼
556,문학,키움,8.0,기아,2.0,-6.0,키움,2022,08,18,목,20220818키기
557,사직,삼성,3.0,LG,3.0,0.0,무승부,2022,08,18,목,20220818삼L
559,대전,SK,1.0,KT,7.0,6.0,KT,2022,08,18,목,20220818SK
560,잠실,롯데,6.0,기아,11.0,5.0,기아,2022,08,19,금,20220819롯기
561,문학,한화,7.0,키움,2.0,-5.0,한화,2022,08,19,금,20220819한키
562,사직,두산,7.0,NC,0.0,-7.0,두산,2022,08,19,금,20220819두N
563,광주,두산,5.0,NC,3.0,-2.0,두산,2022,08,19,금,20220819두N
564,대전,삼성,3.0,LG,4.0,1.0,LG,2022,08,19,금,20220819삼L
565,고척,SK,5.0,KT,10.0,5.0,KT,2022,08,20,토,20220820SK
566,잠실,롯데,3.0,기아,3.0,0.0,무승부,2022,08,20,토,20220820롯기
567,사직,한화,4.0,키움,4.0,0.0,무승부,2022,08,20,토,20220820한키
568,대구,삼성,1.0,LG,3.0,2.0,LG,2022,08,20,토,20220820삼L
569,수원,SK,4.0,KT,6.0,2.0,KT,2022,08,20,토,20220820SK
571,잠실,한화,3.0,키움,4.0,1.0,키움,2022,08,21,일,20220821한키
572,사직,두산,2.0,NC,4.0,2.0,NC,2022,08,21,일,20220821두N
573,대구,키움,2.0,LG,3.0,1.0,LG,2022,08,21,일,20220821키L
574,수원,기아,4.0,SK,12.0,8.0,SK,2022,08,21,일,20220821기S
575,잠실,두산,10.0,롯데,10.0,0.0,무승부,2022,08,23,화,20220823두롯
576,문학,삼성,6.0,KT,5.0,-1.0,삼성,2022,08,23,화,20220823삼K
577,창원,NC,1.0,한화,9.0,8.0,한화,2022,08,23,화,20220823N한
578,고척,키움,2.0,LG,11.0,9.0,LG,2022,08,23,화,20220823키L
579,대전,기아,0.0,SK,9.0,9.0,SK,2022,08,23,화,20220823기S
580,잠실,두산,2.0,롯데,4.0,2.0,롯데,2022,08,24,수,20220824두롯
581,문학,삼성,3.0,KT,8.0,5.0,KT,2022,08,24,수,20220824삼K
582,창원,NC,2.0,한화,3.0,1.0,한화,2022,08,24,수,20220824N한
585,잠실,LG,9.0,롯데,4.0,-5.0,LG,2022,08,25,목,20220825L롯
586,사직,키움,2.0,삼성,3.0,1.0,삼성,2022,08,25,목,20220825키삼
587,창원,KT,2.0,한화,5.0,3.0,한화,2022,08,25,목,20220825K한
588,수원,기아,0.0,두산,5.0,5.0,두산,2022,08,25,목,20220825기두
589,대전,NC,9.0,SK,2.0,-7.0,NC,2022,08,25,목,20220825NS
590,잠실,키움,1.0,삼성,7.0,6.0,삼성,2022,08,26,금,20220826키삼
591,사직,기아,3.0,두산,2.0,-1.0,기아,2022,08,26,금,20220826기두
592,창원,NC,4.0,SK,9.0,5.0,SK,2022,08,26,금,20220826NS
595,잠실,KT,8.0,한화,3.0,-5.0,KT,2022,08,27,토,20220827K한
596,문학,NC,0.0,LG,5.0,5.0,LG,2022,08,27,토,20220827NL
597,대구,두산,1.0,SK,10.0,9.0,SK,2022,08,27,토,20220827두S
599,광주,삼성,5.0,기아,1.0,-4.0,삼성,2022,08,27,토,20220827삼기
600,잠실,KT,0.0,키움,1.0,1.0,키움,2022,08,28,일,20220828K키
601,문학,한화,3.0,롯데,6.0,3.0,롯데,2022,08,28,일,20220828한롯
602,대구,한화,0.0,롯데,2.0,2.0,롯데,2022,08,28,일,20220828한롯
603,창원,NC,5.0,LG,2.0,-3.0,NC,2022,08,28,일,20220828NL
604,광주,두산,1.0,SK,3.0,2.0,SK,2022,08,28,일,20220828두S
605,잠실,삼성,9.0,기아,3.0,-6.0,삼성,2022,08,30,화,20220830삼기
606,대구,KT,11.0,키움,1.0,-10.0,KT,2022,08,30,화,20220830K키
607,수원,KT,11.0,LG,1.0,-10.0,KT,2022,08,30,화,20220830KL
608,고척,두산,4.0,삼성,11.0,7.0,삼성,2022,08,30,화,20220830두삼
609,대전,롯데,8.0,NC,2.0,-6.0,롯데,2022,08,30,화,20220830롯N
610,잠실,SK,2.0,키움,9.0,7.0,키움,2022,08,31,수,20220831S키
611,대구,기아,2.0,한화,6.0,4.0,한화,2022,08,31,수,20220831기한
612,수원,KT,11.0,LG,0.0,-11.0,KT,2022,08,31,수,20220831KL
613,고척,두산,6.0,삼성,5.0,-1.0,두산,2022,08,31,수,20220831두삼
614,대전,롯데,3.0,NC,9.0,6.0,NC,2022,08,31,수,20220831롯N
615,잠실,SK,8.0,키움,10.0,2.0,키움,2022,09,01,목,20220901S키
616,문학,기아,5.0,한화,5.0,0.0,무승부,2022,09,01,목,20220901기한
619,고척,롯데,4.0,삼성,2.0,-2.0,롯데,2022,09,01,목,20220901롯삼
620,잠실,한화,4.0,NC,16.0,12.0,NC,2022,09,02,금,20220902한N
622,수원,키움,1.0,두산,7.0,6.0,두산,2022,09,02,금,20220902키두
623,광주,LG,3.0,SK,5.0,2.0,SK,2022,09,02,금,20220902LS
624,고척,롯데,5.0,삼성,4.0,-1.0,롯데,2022,09,02,금,20220902롯삼
625,잠실,한화,3.0,NC,1.0,-2.0,한화,2022,09,03,토,20220903한N
626,문학,기아,5.0,KT,5.0,0.0,무승부,2022,09,03,토,20220903기K
627,사직,한화,1.0,LG,8.0,7.0,LG,2022,09,03,토,20220903한L
628,광주,SK,9.0,롯데,2.0,-7.0,SK,2022,09,03,토,20220903S롯
629,대전,KT,7.0,삼성,8.0,1.0,삼성,2022,09,03,토,20220903K삼
630,잠실,두산,6.0,NC,2.0,-4.0,두산,2022,09,04,일,20220904두N
631,문학,기아,3.0,키움,5.0,2.0,키움,2022,09,04,일,20220904기키
632,사직,한화,0.0,LG,2.0,2.0,LG,2022,09,04,일,20220904한L
633,광주,SK,3.0,롯데,4.0,1.0,롯데,2022,09,04,일,20220904S롯
634,대전,KT,2.0,삼성,2.0,0.0,무승부,2022,09,04,일,20220904K삼
635,잠실,기아,3.0,키움,4.0,1.0,키움,2022,09,06,화,20220906기키
636,대구,두산,8.0,NC,1.0,-7.0,두산,2022,09,06,화,20220906두N
637,창원,LG,5.0,두산,5.0,0.0,무승부,2022,09,06,화,20220906L두
638,수원,키움,13.0,롯데,7.0,-6.0,키움,2022,09,06,화,20220906키롯
639,울산,SK,2.0,KT,2.0,0.0,무승부,2022,09,06,화,20220906SK
640,잠실,NC,3.0,기아,5.0,2.0,기아,2022,09,07,수,20220907N기
641,대구,삼성,5.0,한화,4.0,-1.0,삼성,2022,09,07,수,20220907삼한
642,창원,LG,5.0,두산,8.0,3.0,두산,2022,09,07,수,20220907L두
643,수원,키움,8.0,롯데,3.0,-5.0,키움,2022,09,07,수,20220907키롯
644,울산,SK,0.0,KT,10.0,10.0,KT,2022,09,07,수,20220907SK
645,잠실,NC,8.0,기아,2.0,-6.0,NC,2022,09,08,목,20220908N기
646,문학,삼성,3.0,한화,3.0,0.0,무승부,2022,09,08,목,20220908삼한
647,대구,LG,5.0,두산,8.0,3.0,두산,2022,09,08,목,20220908L두
648,수원,키움,2.0,롯데,3.0,1.0,롯데,2022,09,08,목,20220908키롯
649,고척,SK,2.0,KT,3.0,1.0,KT,2022,09,08,목,20220908SK
650,잠실,NC,3.0,기아,0.0,-3.0,NC,2022,09,09,금,20220909N기
651,문학,삼성,6.0,한화,6.0,0.0,무승부,2022,09,09,금,20220909삼한
652,대구,KT,4.0,두산,3.0,-1.0,KT,2022,09,09,금,20220909K두
653,수원,한화,11.0,SK,5.0,-6.0,한화,2022,09,09,금,20220909한S
654,고척,LG,3.0,삼성,3.0,0.0,무승부,2022,09,09,금,20220909L삼
655,잠실,키움,8.0,NC,10.0,2.0,NC,2022,09,10,토,20220910키N
656,사직,롯데,8.0,기아,7.0,-1.0,롯데,2022,09,10,토,20220910롯기
657,대구,롯데,6.0,기아,3.0,-3.0,롯데,2022,09,10,토,20220910롯기
658,고척,롯데,3.0,기아,5.0,2.0,기아,2022,09,10,토,20220910롯기
659,대전,KT,2.0,두산,6.0,4.0,두산,2022,09,10,토,20220910K두
660,잠실,한화,6.0,SK,9.0,3.0,SK,2022,09,11,일,20220911한S
661,사직,LG,5.0,삼성,2.0,-3.0,LG,2022,09,11,일,20220911L삼
662,대구,키움,2.0,NC,13.0,11.0,NC,2022,09,11,일,20220911키N
663,고척,SK,3.0,두산,3.0,0.0,무승부,2022,09,11,일,20220911S두
664,대전,기아,6.0,삼성,5.0,-1.0,기아,2022,09,11,일,20220911기삼
665,잠실,LG,0.0,NC,2.0,2.0,NC,2022,09,13,화,20220913LN
666,사직,롯데,4.0,KT,7.0,3.0,KT,2022,09,13,화,20220913롯K
667,창원,한화,8.0,키움,8.0,0.0,무승부,2022,09,13,화,20220913한키
669,대전,SK,2.0,두산,7.0,5.0,두산,2022,09,13,화,20220913S두
670,잠실,기아,3.0,삼성,6.0,3.0,삼성,2022,09,14,수,20220914기삼
671,사직,LG,4.0,NC,6.0,2.0,NC,2022,09,14,수,20220914LN
672,창원,롯데,2.0,KT,0.0,-2.0,롯데,2022,09,14,수,20220914롯K
673,광주,한화,15.0,키움,5.0,-10.0,한화,2022,09,14,수,20220914한키
674,대전,기아,9.0,LG,6.0,-3.0,기아,2022,09,14,수,20220914기L
675,잠실,삼성,9.0,SK,4.0,-5.0,삼성,2022,09,15,목,20220915삼S
676,사직,KT,8.0,NC,1.0,-7.0,KT,2022,09,15,목,20220915KN
677,대구,두산,3.0,키움,3.0,0.0,무승부,2022,09,15,목,20220915두키
678,창원,롯데,2.0,한화,13.0,11.0,한화,2022,09,15,목,20220915롯한
679,광주,기아,3.0,LG,4.0,1.0,LG,2022,09,15,목,20220915기L
680,잠실,삼성,4.0,SK,4.0,0.0,무승부,2022,09,16,금,20220916삼S
681,사직,KT,8.0,NC,2.0,-6.0,KT,2022,09,16,금,20220916KN
682,대구,두산,6.0,키움,0.0,-6.0,두산,2022,09,16,금,20220916두키
683,창원,롯데,3.0,한화,1.0,-2.0,롯데,2022,09,16,금,20220916롯한
684,광주,NC,2.0,두산,12.0,10.0,두산,2022,09,16,금,20220916N두
685,잠실,키움,10.0,SK,13.0,3.0,SK,2022,09,17,토,20220917키S
686,문학,삼성,11.0,롯데,9.0,-2.0,삼성,2022,09,17,토,20220917삼롯
687,대구,KT,11.0,기아,5.0,-6.0,KT,2022,09,17,토,20220917K기
688,수원,LG,6.0,한화,15.0,9.0,한화,2022,09,17,토,20220917L한
689,고척,NC,0.0,두산,8.0,8.0,두산,2022,09,17,토,20220917N두
690,잠실,키움,7.0,SK,7.0,0.0,무승부,2022,09,18,일,20220918키S
691,문학,삼성,8.0,롯데,17.0,9.0,롯데,2022,09,18,일,20220918삼롯
692,대구,KT,2.0,기아,7.0,5.0,기아,2022,09,18,일,20220918K기
693,수원,LG,12.0,한화,3.0,-9.0,LG,2022,09,18,일,20220918L한
694,고척,삼성,7.0,LG,4.0,-3.0,삼성,2022,09,18,일,20220918삼L
695,잠실,롯데,8.0,SK,9.0,1.0,SK,2022,09,20,화,20220920롯S
696,문학,한화,1.0,KT,3.0,2.0,KT,2022,09,20,화,20220920한K
697,광주,두산,3.0,기아,1.0,-2.0,두산,2022,09,20,화,20220920두기
698,고척,NC,1.0,키움,4.0,3.0,키움,2022,09,20,화,20220920N키
699,대전,롯데,4.0,SK,9.0,5.0,SK,2022,09,20,화,20220920롯S
700,잠실,롯데,6.0,SK,6.0,0.0,무승부,2022,09,21,수,20220921롯S
701,문학,삼성,3.0,LG,11.0,8.0,LG,2022,09,21,수,20220921삼L
702,광주,한화,4.0,KT,1.0,-3.0,한화,2022,09,21,수,20220921한K
703,고척,두산,8.0,기아,2.0,-6.0,두산,2022,09,21,수,20220921두기
704,대전,NC,2.0,키움,3.0,1.0,키움,2022,09,21,수,20220921N키
705,잠실,한화,5.0,두산,1.0,-4.0,한화,2022,09,22,목,20220922한두
706,문학,NC,0.0,삼성,1.0,1.0,삼성,2022,09,22,목,20220922N삼
707,대구,LG,0.0,KT,0.0,0.0,무승부,2022,09,22,목,20220922LK
708,창원,SK,1.0,기아,7.0,6.0,기아,2022,09,22,목,20220922S기
709,고척,롯데,12.0,키움,6.0,-6.0,롯데,2022,09,22,목,20220922롯키
710,잠실,한화,3.0,두산,5.0,2.0,두산,2022,09,23,금,20220923한두
711,문학,NC,0.0,삼성,1.0,1.0,삼성,2022,09,23,금,20220923N삼
712,대구,LG,4.0,KT,0.0,-4.0,LG,2022,09,23,금,20220923LK
713,창원,SK,5.0,기아,6.0,1.0,기아,2022,09,23,금,20220923S기
714,고척,롯데,2.0,키움,11.0,9.0,키움,2022,09,23,금,20220923롯키
715,잠실,롯데,2.0,LG,5.0,3.0,LG,2022,09,24,토,20220924롯L
716,문학,SK,7.0,삼성,2.0,-5.0,SK,2022,09,24,토,20220924S삼
717,창원,기아,9.0,NC,10.0,1.0,NC,2022,09,24,토,20220924기N
718,고척,두산,1.0,KT,5.0,4.0,KT,2022,09,24,토,20220924두K
719,잠실,키움,1.0,한화,1.0,0.0,무승부,2022,09,25,일,20220925키한
720,문학,기아,1.0,NC,4.0,3.0,NC,2022,09,25,일,20220925기N
724,수원,두산,8.0,KT,3.0,-5.0,두산,2022,09,27,화,20220927두K
726,창원,두산,4.0,LG,12.0,8.0,LG,2022,09,28,수,20220928두L
727,수원,KT,4.0,롯데,8.0,4.0,롯데,2022,09,28,수,20220928K롯
728,대전,한화,2.0,삼성,6.0,4.0,삼성,2022,09,28,수,20220928한삼
729,잠실,SK,2.0,NC,6.0,4.0,NC,2022,09,29,목,20220929SN
730,문학,키움,2.0,기아,0.0,-2.0,키움,2022,09,29,목,20220929키기
4,고척,삼성,1.0,키움,6.0,5.0,키움,2023,04,01,토,20230401삼키
5,잠실,기아,1.0,두산,4.0,3.0,두산,2023,04,02,일,20230402기두
6,문학,롯데,3.0,SK,5.0,2.0,SK,2023,04,02,일,20230402롯S
7,대구,LG,2.0,NC,1.0,-1.0,LG,2023,04,02,일,20230402LN
8,수원,한화,2.0,KT,3.0,1.0,KT,2023,04,02,일,20230402한K
9,고척,삼성,4.0,키움,7.0,3.0,키움,2023,04,02,일,20230402삼키
10,잠실,삼성,3.0,두산,6.0,3.0,두산,2023,04,04,화,20230404삼두
11,문학,한화,1.0,SK,2.0,1.0,SK,2023,04,04,화,20230404한S
12,대구,롯데,10.0,NC,5.0,-5.0,롯데,2023,04,04,화,20230404롯N
13,수원,LG,3.0,KT,2.0,-1.0,LG,2023,04,04,화,20230404LK
14,고척,기아,5.0,키움,4.0,-1.0,기아,2023,04,04,화,20230404기키
15,잠실,삼성,0.0,두산,1.0,1.0,두산,2023,04,05,수,20230405삼두
16,문학,한화,17.0,SK,0.0,-17.0,한화,2023,04,05,수,20230405한S
17,대구,롯데,6.0,NC,10.0,4.0,NC,2023,04,05,수,20230405롯N
18,수원,LG,3.0,KT,7.0,4.0,KT,2023,04,05,수,20230405LK
19,고척,기아,8.0,키움,7.0,-1.0,기아,2023,04,05,수,20230405기키
20,잠실,삼성,6.0,두산,1.0,-5.0,삼성,2023,04,06,목,20230406삼두
21,문학,한화,4.0,SK,6.0,2.0,SK,2023,04,06,목,20230406한S
22,대구,롯데,8.0,NC,4.0,-4.0,롯데,2023,04,06,목,20230406롯N
23,수원,LG,7.0,KT,3.0,-4.0,LG,2023,04,06,목,20230406LK
24,고척,기아,5.0,키움,3.0,-2.0,기아,2023,04,06,목,20230406기키
25,잠실,SK,5.0,LG,9.0,4.0,LG,2023,04,07,금,20230407SL
26,사직,키움,7.0,롯데,2.0,-5.0,키움,2023,04,07,금,20230407키롯
27,창원,KT,5.0,삼성,7.0,2.0,삼성,2023,04,07,금,20230407K삼
28,광주,NC,10.0,기아,6.0,-4.0,NC,2023,04,07,금,20230407N기
29,대전,두산,0.0,한화,7.0,7.0,한화,2023,04,07,금,20230407두한
30,잠실,SK,4.0,LG,3.0,-1.0,SK,2023,04,08,토,20230408SL
31,사직,KT,6.0,삼성,7.0,1.0,삼성,2023,04,08,토,20230408K삼
32,창원,키움,0.0,롯데,13.0,13.0,롯데,2023,04,08,토,20230408키롯
33,광주,NC,9.0,기아,2.0,-7.0,NC,2023,04,08,토,20230408N기
34,대전,두산,18.0,한화,1.0,-17.0,두산,2023,04,08,토,20230408두한
35,잠실,SK,0.0,LG,1.0,1.0,LG,2023,04,09,일,20230409SL
36,사직,키움,3.0,롯데,2.0,-1.0,키움,2023,04,09,일,20230409키롯
37,창원,KT,2.0,삼성,4.0,2.0,삼성,2023,04,09,일,20230409K삼
38,광주,NC,7.0,기아,3.0,-4.0,NC,2023,04,09,일,20230409N기
39,대전,두산,2.0,한화,3.0,1.0,한화,2023,04,09,일,20230409두한
40,잠실,KT,8.0,두산,7.0,-1.0,KT,2023,04,11,화,20230411K두
41,사직,NC,4.0,SK,2.0,-2.0,NC,2023,04,11,화,20230411NS
42,대구,한화,3.0,삼성,4.0,1.0,삼성,2023,04,11,화,20230411한삼
43,창원,롯데,8.0,기아,0.0,-8.0,롯데,2023,04,11,화,20230411롯기
44,광주,LG,2.0,키움,8.0,6.0,키움,2023,04,11,화,20230411L키
45,잠실,KT,1.0,두산,3.0,2.0,두산,2023,04,12,수,20230412K두
46,사직,NC,3.0,SK,0.0,-3.0,NC,2023,04,12,수,20230412NS
47,대구,한화,6.0,삼성,2.0,-4.0,한화,2023,04,12,수,20230412한삼
48,창원,롯데,2.0,기아,3.0,1.0,기아,2023,04,12,수,20230412롯기
49,광주,LG,13.0,키움,2.0,-11.0,LG,2023,04,12,수,20230412L키
50,잠실,KT,8.0,두산,3.0,-5.0,KT,2023,04,13,목,20230413K두
51,사직,NC,3.0,SK,9.0,6.0,SK,2023,04,13,목,20230413NS
52,대구,한화,0.0,삼성,4.0,4.0,삼성,2023,04,13,목,20230413한삼
53,창원,롯데,5.0,기아,10.0,5.0,기아,2023,04,13,목,20230413롯기
54,광주,LG,6.0,키움,4.0,-2.0,LG,2023,04,13,목,20230413L키
55,잠실,두산,0.0,LG,1.0,1.0,LG,2023,04,14,금,20230414두L
56,문학,기아,11.0,SK,6.0,-5.0,기아,2023,04,14,금,20230414기S
57,대구,삼성,3.0,롯데,9.0,6.0,롯데,2023,04,14,금,20230414삼롯
58,수원,키움,4.0,KT,8.0,4.0,KT,2023,04,14,금,20230414키K
59,고척,한화,1.0,NC,9.0,8.0,NC,2023,04,14,금,20230414한N
60,잠실,기아,3.0,SK,4.0,1.0,SK,2023,04,15,토,20230415기S
61,문학,두산,3.0,LG,1.0,-2.0,두산,2023,04,15,토,20230415두L
62,대구,삼성,12.0,롯데,0.0,-12.0,삼성,2023,04,15,토,20230415삼롯
63,수원,한화,4.0,NC,14.0,10.0,NC,2023,04,15,토,20230415한N
64,고척,키움,5.0,KT,8.0,3.0,KT,2023,04,15,토,20230415키K
65,잠실,두산,9.0,LG,1.0,-8.0,두산,2023,04,16,일,20230416두L
66,문학,기아,2.0,SK,4.0,2.0,SK,2023,04,16,일,20230416기S
67,대구,삼성,7.0,롯데,0.0,-7.0,삼성,2023,04,16,일,20230416삼롯
68,수원,한화,11.0,NC,3.0,-8.0,한화,2023,04,16,일,20230416한N
69,고척,키움,2.0,KT,10.0,8.0,KT,2023,04,16,일,20230416키K
70,잠실,기아,6.0,LG,3.0,-3.0,기아,2023,04,18,화,20230418기L
71,사직,두산,5.0,롯데,10.0,5.0,롯데,2023,04,18,화,20230418두롯
72,수원,SK,10.0,삼성,7.0,-3.0,SK,2023,04,18,화,20230418S삼
73,고척,KT,5.0,NC,2.0,-3.0,KT,2023,04,18,화,20230418KN
74,대전,키움,3.0,한화,7.0,4.0,한화,2023,04,18,화,20230418키한
75,잠실,기아,3.0,LG,7.0,4.0,LG,2023,04,19,수,20230419기L
76,사직,두산,9.0,롯데,10.0,1.0,롯데,2023,04,19,수,20230419두롯
77,수원,SK,4.0,삼성,14.0,10.0,삼성,2023,04,19,수,20230419S삼
78,고척,KT,3.0,NC,4.0,1.0,NC,2023,04,19,수,20230419KN
79,대전,키움,3.0,한화,4.0,1.0,한화,2023,04,19,수,20230419키한
80,잠실,기아,3.0,LG,2.0,-1.0,기아,2023,04,20,목,20230420기L
81,사직,두산,13.0,롯데,1.0,-12.0,두산,2023,04,20,목,20230420두롯
82,수원,SK,11.0,삼성,6.0,-5.0,SK,2023,04,20,목,20230420S삼
83,고척,KT,11.0,NC,5.0,-6.0,KT,2023,04,20,목,20230420KN
84,대전,키움,8.0,한화,3.0,-5.0,키움,2023,04,20,목,20230420키한
85,잠실,NC,1.0,두산,5.0,4.0,두산,2023,04,21,금,20230421N두
86,문학,롯데,10.0,KT,5.0,-5.0,롯데,2023,04,21,금,20230421롯K
87,창원,삼성,1.0,기아,4.0,3.0,기아,2023,04,21,금,20230421삼기
88,광주,SK,9.0,키움,5.0,-4.0,SK,2023,04,21,금,20230421S키
89,대전,LG,2.0,한화,1.0,-1.0,LG,2023,04,21,금,20230421L한
90,잠실,SK,5.0,키움,4.0,-1.0,SK,2023,04,22,토,20230422S키
91,문학,LG,5.0,한화,19.0,14.0,한화,2023,04,22,토,20230422L한
92,창원,NC,6.0,두산,9.0,3.0,두산,2023,04,22,토,20230422N두
93,광주,롯데,4.0,KT,2.0,-2.0,롯데,2023,04,22,토,20230422롯K
94,대전,삼성,8.0,기아,4.0,-4.0,삼성,2023,04,22,토,20230422삼기
95,잠실,NC,10.0,두산,0.0,-10.0,NC,2023,04,23,일,20230423N두
96,문학,롯데,5.0,KT,6.0,1.0,KT,2023,04,23,일,20230423롯K
97,창원,삼성,3.0,기아,2.0,-1.0,삼성,2023,04,23,일,20230423삼기
98,광주,SK,3.0,키움,4.0,1.0,키움,2023,04,23,일,20230423S키
99,대전,LG,8.0,한화,0.0,-8.0,LG,2023,04,23,일,20230423L한
100,잠실,롯데,0.0,LG,4.0,4.0,LG,2023,04,25,화,20230425롯L
101,사직,KT,14.0,SK,5.0,-9.0,KT,2023,04,25,화,20230425KS
102,대구,NC,0.0,삼성,9.0,9.0,삼성,2023,04,25,화,20230425N삼
103,광주,한화,3.0,기아,4.0,1.0,기아,2023,04,25,화,20230425한기
104,고척,두산,4.0,키움,5.0,1.0,키움,2023,04,25,화,20230425두키
105,잠실,롯데,3.0,LG,0.0,-3.0,롯데,2023,04,26,수,20230426롯L
106,사직,KT,2.0,SK,4.0,2.0,SK,2023,04,26,수,20230426KS
107,대구,NC,3.0,삼성,4.0,1.0,삼성,2023,04,26,수,20230426N삼
108,광주,한화,0.0,기아,4.0,4.0,기아,2023,04,26,수,20230426한기
109,고척,두산,4.0,키움,5.0,1.0,키움,2023,04,26,수,20230426두키
110,잠실,롯데,2.0,LG,3.0,1.0,LG,2023,04,27,목,20230427롯L
111,사직,KT,6.0,SK,1.0,-5.0,KT,2023,04,27,목,20230427KS
112,대구,NC,9.0,삼성,0.0,-9.0,NC,2023,04,27,목,20230427N삼
113,광주,한화,2.0,기아,3.0,1.0,기아,2023,04,27,목,20230427한기
114,고척,두산,15.0,키움,4.0,-11.0,두산,2023,04,27,목,20230427두키
115,잠실,SK,4.0,두산,9.0,5.0,두산,2023,04,28,금,20230428S두
116,문학,한화,11.0,롯데,7.0,-4.0,한화,2023,04,28,금,20230428한롯
117,사직,LG,0.0,삼성,4.0,4.0,삼성,2023,04,28,금,20230428L삼
118,수원,기아,3.0,KT,15.0,12.0,KT,2023,04,28,금,20230428기K
119,대전,키움,4.0,NC,3.0,-1.0,키움,2023,04,28,금,20230428키N
120,잠실,SK,5.0,두산,2.0,-3.0,SK,2023,04,29,토,20230429S두
121,문학,한화,11.0,롯데,3.0,-8.0,한화,2023,04,29,토,20230429한롯
122,사직,LG,2.0,삼성,8.0,6.0,삼성,2023,04,29,토,20230429L삼
123,수원,키움,13.0,NC,9.0,-4.0,키움,2023,04,29,토,20230429키N
124,대전,기아,0.0,KT,3.0,3.0,KT,2023,04,29,토,20230429기K
125,잠실,SK,5.0,두산,8.0,3.0,두산,2023,04,30,일,20230430S두
126,문학,한화,5.0,롯데,4.0,-1.0,한화,2023,04,30,일,20230430한롯
127,사직,LG,4.0,삼성,6.0,2.0,삼성,2023,04,30,일,20230430L삼
128,수원,키움,0.0,NC,5.0,5.0,NC,2023,04,30,일,20230430키N
129,대전,기아,2.0,KT,9.0,7.0,KT,2023,04,30,일,20230430기K
135,잠실,LG,7.0,두산,4.0,-3.0,LG,2023,05,03,수,20230503L두
136,문학,기아,8.0,롯데,5.0,-3.0,기아,2023,05,03,수,20230503기롯
137,대구,SK,13.0,NC,12.0,-1.0,SK,2023,05,03,수,20230503SN
138,창원,KT,0.0,키움,14.0,14.0,키움,2023,05,03,수,20230503K키
139,광주,삼성,4.0,한화,1.0,-3.0,삼성,2023,05,03,수,20230503삼한
140,잠실,LG,7.0,두산,2.0,-5.0,LG,2023,05,04,목,20230504L두
141,문학,기아,9.0,롯데,17.0,8.0,롯데,2023,05,04,목,20230504기롯
142,대구,SK,1.0,NC,7.0,6.0,NC,2023,05,04,목,20230504SN
143,창원,KT,4.0,키움,6.0,2.0,키움,2023,05,04,목,20230504K키
144,광주,삼성,5.0,한화,6.0,1.0,한화,2023,05,04,목,20230504삼한
147,창원,롯데,1.0,삼성,4.0,3.0,삼성,2023,05,05,금,20230505롯삼
154,대전,한화,2.0,LG,11.0,9.0,LG,2023,05,06,토,20230506한L
155,잠실,키움,9.0,SK,2.0,-7.0,키움,2023,05,07,일,20230507키S
156,사직,롯데,9.0,삼성,8.0,-1.0,롯데,2023,05,07,일,20230507롯삼
157,창원,NC,5.0,KT,4.0,-1.0,NC,2023,05,07,일,20230507NK
158,고척,두산,11.0,기아,5.0,-6.0,두산,2023,05,07,일,20230507두기
159,대전,롯데,6.0,삼성,8.0,2.0,삼성,2023,05,07,일,20230507롯삼
160,잠실,한화,1.0,LG,11.0,10.0,LG,2023,05,09,화,20230509한L
161,사직,키움,1.0,SK,4.0,3.0,SK,2023,05,09,화,20230509키S
162,수원,NC,16.0,KT,11.0,-5.0,NC,2023,05,09,화,20230509NK
163,광주,두산,5.0,기아,3.0,-2.0,두산,2023,05,09,화,20230509두기
164,대전,한화,5.0,LG,4.0,-1.0,한화,2023,05,09,화,20230509한L
165,잠실,키움,3.0,SK,4.0,1.0,SK,2023,05,10,수,20230510키S
166,사직,NC,5.0,KT,9.0,4.0,KT,2023,05,10,수,20230510NK
167,수원,두산,9.0,기아,0.0,-9.0,두산,2023,05,10,수,20230510두기
168,광주,키움,2.0,두산,3.0,1.0,두산,2023,05,10,수,20230510키두
169,대전,SK,7.0,롯데,6.0,-1.0,SK,2023,05,10,수,20230510S롯
170,잠실,삼성,6.0,KT,9.0,3.0,KT,2023,05,11,목,20230511삼K
171,사직,LG,1.0,기아,7.0,6.0,기아,2023,05,11,목,20230511L기
172,수원,NC,7.0,한화,2.0,-5.0,NC,2023,05,11,목,20230511N한
173,광주,키움,3.0,두산,0.0,-3.0,키움,2023,05,11,목,20230511키두
174,대전,SK,9.0,롯데,2.0,-7.0,SK,2023,05,11,목,20230511S롯
175,잠실,삼성,7.0,KT,5.0,-2.0,삼성,2023,05,12,금,20230512삼K
176,문학,LG,3.0,기아,5.0,2.0,기아,2023,05,12,금,20230512L기
177,대구,NC,6.0,한화,3.0,-3.0,NC,2023,05,12,금,20230512N한
178,수원,키움,14.0,두산,13.0,-1.0,키움,2023,05,12,금,20230512키두
179,고척,SK,4.0,롯데,5.0,1.0,롯데,2023,05,12,금,20230512S롯
180,잠실,삼성,4.0,KT,0.0,-4.0,삼성,2023,05,13,토,20230513삼K
181,문학,LG,8.0,기아,3.0,-5.0,LG,2023,05,13,토,20230513L기
182,대구,NC,4.0,한화,2.0,-2.0,NC,2023,05,13,토,20230513N한
183,수원,삼성,3.0,LG,4.0,1.0,LG,2023,05,13,토,20230513삼L
184,고척,두산,6.0,SK,3.0,-3.0,두산,2023,05,13,토,20230513두S
185,잠실,KT,9.0,롯데,1.0,-8.0,KT,2023,05,14,일,20230514K롯
186,문학,한화,6.0,키움,1.0,-5.0,한화,2023,05,14,일,20230514한키
187,대구,기아,2.0,NC,5.0,3.0,NC,2023,05,14,일,20230514기N
188,수원,기아,3.0,NC,7.0,4.0,NC,2023,05,14,일,20230514기N
189,고척,한화,1.0,키움,15.0,14.0,키움,2023,05,14,일,20230514한키
190,잠실,삼성,4.0,LG,14.0,10.0,LG,2023,05,16,화,20230516삼L
192,창원,KT,5.0,롯데,4.0,-1.0,KT,2023,05,16,화,20230516K롯
197,창원,한화,1.0,키움,5.0,4.0,키움,2023,05,17,수,20230517한키
199,대전,삼성,3.0,LG,1.0,-2.0,삼성,2023,05,17,수,20230517삼L
200,잠실,두산,8.0,SK,3.0,-5.0,두산,2023,05,18,목,20230518두S
203,고척,NC,0.0,LG,1.0,1.0,LG,2023,05,18,목,20230518NL
204,대전,키움,15.0,삼성,3.0,-12.0,키움,2023,05,18,목,20230518키삼
205,잠실,두산,0.0,KT,1.0,1.0,KT,2023,05,19,금,20230519두K
206,사직,SK,7.0,기아,5.0,-2.0,SK,2023,05,19,금,20230519S기
207,창원,롯데,4.0,한화,3.0,-1.0,롯데,2023,05,19,금,20230519롯한
208,수원,NC,5.0,LG,6.0,1.0,LG,2023,05,19,금,20230519NL
209,광주,키움,9.0,삼성,2.0,-7.0,키움,2023,05,19,금,20230519키삼
210,잠실,두산,5.0,KT,6.0,1.0,KT,2023,05,20,토,20230520두K
211,사직,SK,11.0,기아,5.0,-6.0,SK,2023,05,20,토,20230520S기
212,창원,롯데,2.0,한화,12.0,10.0,한화,2023,05,20,토,20230520롯한
213,수원,NC,11.0,LG,1.0,-10.0,NC,2023,05,20,토,20230520NL
218,수원,롯데,9.0,두산,1.0,-8.0,롯데,2023,05,21,일,20230521롯두
219,광주,LG,5.0,SK,6.0,1.0,SK,2023,05,21,일,20230521LS
220,잠실,기아,3.0,삼성,5.0,2.0,삼성,2023,05,23,화,20230523기삼
221,문학,NC,0.0,키움,2.0,2.0,키움,2023,05,23,화,20230523N키
222,사직,KT,0.0,한화,4.0,4.0,한화,2023,05,23,화,20230523K한
223,수원,롯데,3.0,두산,4.0,1.0,두산,2023,05,23,화,20230523롯두
224,대전,LG,3.0,SK,8.0,5.0,SK,2023,05,23,화,20230523LS
225,잠실,기아,9.0,삼성,4.0,-5.0,기아,2023,05,24,수,20230524기삼
226,문학,NC,6.0,키움,13.0,7.0,키움,2023,05,24,수,20230524N키
227,사직,KT,0.0,한화,5.0,5.0,한화,2023,05,24,수,20230524K한
228,수원,롯데,0.0,두산,4.0,4.0,두산,2023,05,24,수,20230524롯두
229,대전,LG,0.0,SK,8.0,8.0,SK,2023,05,24,수,20230524LS
230,잠실,기아,5.0,삼성,7.0,2.0,삼성,2023,05,25,목,20230525기삼
231,문학,NC,4.0,키움,7.0,3.0,키움,2023,05,25,목,20230525N키
232,사직,KT,8.0,한화,1.0,-7.0,KT,2023,05,25,목,20230525K한
238,광주,한화,3.0,두산,9.0,6.0,두산,2023,05,26,금,20230526한두
239,고척,LG,5.0,롯데,3.0,-2.0,LG,2023,05,26,금,20230526L롯
240,잠실,삼성,7.0,NC,1.0,-6.0,삼성,2023,05,27,토,20230527삼N
241,대구,SK,9.0,KT,5.0,-4.0,SK,2023,05,27,토,20230527SK
242,창원,키움,2.0,기아,3.0,1.0,기아,2023,05,27,토,20230527키기
243,광주,한화,3.0,두산,0.0,-3.0,한화,2023,05,27,토,20230527한두
244,고척,LG,8.0,롯데,1.0,-7.0,LG,2023,05,27,토,20230527L롯
245,잠실,삼성,3.0,NC,6.0,3.0,NC,2023,05,28,일,20230528삼N
246,대구,SK,5.0,KT,6.0,1.0,KT,2023,05,28,일,20230528SK
247,창원,키움,4.0,기아,5.0,1.0,기아,2023,05,28,일,20230528키기
248,광주,키움,1.0,LG,3.0,2.0,LG,2023,05,28,일,20230528키L
250,잠실,두산,9.0,삼성,4.0,-5.0,두산,2023,05,30,화,20230530두삼
251,문학,KT,6.0,기아,7.0,1.0,기아,2023,05,30,화,20230530K기
252,창원,SK,12.0,한화,3.0,-9.0,SK,2023,05,30,화,20230530S한
253,광주,NC,10.0,롯데,10.0,0.0,무승부,2023,05,30,화,20230530N롯
254,대전,키움,7.0,LG,2.0,-5.0,키움,2023,05,30,화,20230530키L
255,잠실,두산,4.0,삼성,16.0,12.0,삼성,2023,05,31,수,20230531두삼
256,문학,KT,7.0,기아,5.0,-2.0,KT,2023,05,31,수,20230531K기
257,창원,SK,6.0,한화,2.0,-4.0,SK,2023,05,31,수,20230531S한
258,광주,NC,6.0,롯데,2.0,-4.0,NC,2023,05,31,수,20230531N롯
259,대전,키움,2.0,LG,8.0,6.0,LG,2023,05,31,수,20230531키L
260,잠실,NC,5.0,롯데,4.0,-1.0,NC,2023,06,01,목,20230601N롯
261,문학,두산,4.0,삼성,2.0,-2.0,두산,2023,06,01,목,20230601두삼
262,창원,KT,4.0,기아,3.0,-1.0,KT,2023,06,01,목,20230601K기
263,광주,SK,5.0,한화,1.0,-4.0,SK,2023,06,01,목,20230601S한
264,대전,KT,8.0,LG,1.0,-7.0,KT,2023,06,01,목,20230601KL
265,잠실,삼성,0.0,SK,1.0,1.0,SK,2023,06,02,금,20230602삼S
266,문학,두산,4.0,NC,3.0,-1.0,두산,2023,06,02,금,20230602두N
267,사직,롯데,3.0,키움,0.0,-3.0,롯데,2023,06,02,금,20230602롯키
268,수원,기아,1.0,한화,9.0,8.0,한화,2023,06,02,금,20230602기한
269,대전,KT,5.0,LG,6.0,1.0,LG,2023,06,02,금,20230602KL
270,잠실,삼성,8.0,SK,7.0,-1.0,삼성,2023,06,03,토,20230603삼S
271,문학,두산,5.0,NC,9.0,4.0,NC,2023,06,03,토,20230603두N
272,사직,롯데,4.0,키움,2.0,-2.0,롯데,2023,06,03,토,20230603롯키
273,수원,기아,5.0,한화,3.0,-2.0,기아,2023,06,03,토,20230603기한
277,문학,롯데,4.0,키움,9.0,5.0,키움,2023,06,04,일,20230604롯키
279,대전,SK,2.0,두산,3.0,1.0,두산,2023,06,04,일,20230604S두
280,잠실,롯데,15.0,KT,0.0,-15.0,롯데,2023,06,06,화,20230606롯K
281,광주,LG,3.0,기아,4.0,1.0,기아,2023,06,06,화,20230606L기
282,고척,삼성,6.0,키움,3.0,-3.0,삼성,2023,06,06,화,20230606삼키
283,사직,한화,3.0,NC,6.0,3.0,NC,2023,06,06,화,20230606한N
284,대구,SK,5.0,두산,8.0,3.0,두산,2023,06,06,화,20230606S두
285,잠실,한화,1.0,NC,6.0,5.0,NC,2023,06,07,수,20230607한N
286,사직,롯데,1.0,KT,8.0,7.0,KT,2023,06,07,수,20230607롯K
287,대구,LG,8.0,기아,2.0,-6.0,LG,2023,06,07,수,20230607L기
288,광주,삼성,2.0,키움,6.0,4.0,키움,2023,06,07,수,20230607삼키
289,고척,SK,4.0,두산,1.0,-3.0,SK,2023,06,07,수,20230607S두
290,잠실,한화,13.0,NC,10.0,-3.0,한화,2023,06,08,목,20230608한N
291,사직,롯데,8.0,KT,7.0,-1.0,롯데,2023,06,08,목,20230608롯K
292,대구,LG,10.0,기아,0.0,-10.0,LG,2023,06,08,목,20230608L기
293,광주,삼성,3.0,키움,1.0,-2.0,삼성,2023,06,08,목,20230608삼키
294,고척,NC,1.0,LG,2.0,1.0,LG,2023,06,08,목,20230608NL
295,잠실,KT,4.0,SK,2.0,-2.0,KT,2023,06,09,금,20230609KS
296,대구,두산,9.0,롯데,18.0,9.0,롯데,2023,06,09,금,20230609두롯
297,창원,기아,0.0,삼성,7.0,7.0,삼성,2023,06,09,금,20230609기삼
298,수원,키움,2.0,한화,4.0,2.0,한화,2023,06,09,금,20230609키한
299,대전,NC,3.0,LG,6.0,3.0,LG,2023,06,09,금,20230609NL
300,잠실,KT,7.0,SK,3.0,-4.0,KT,2023,06,10,토,20230610KS
301,대구,두산,14.0,롯데,8.0,-6.0,두산,2023,06,10,토,20230610두롯
302,창원,기아,7.0,삼성,5.0,-2.0,기아,2023,06,10,토,20230610기삼
303,수원,키움,6.0,한화,2.0,-4.0,키움,2023,06,10,토,20230610키한
304,대전,NC,6.0,LG,0.0,-6.0,NC,2023,06,10,토,20230610NL
306,대구,두산,4.0,롯데,5.0,1.0,롯데,2023,06,11,일,20230611두롯
307,창원,기아,2.0,삼성,4.0,2.0,삼성,2023,06,11,일,20230611기삼
308,수원,키움,0.0,한화,1.0,1.0,한화,2023,06,11,일,20230611키한
309,대전,두산,1.0,LG,3.0,2.0,LG,2023,06,11,일,20230611두L
310,잠실,키움,6.0,SK,8.0,2.0,SK,2023,06,13,화,20230613키S
312,사직,NC,5.0,삼성,4.0,-1.0,NC,2023,06,13,화,20230613N삼
313,창원,한화,5.0,KT,6.0,1.0,KT,2023,06,13,화,20230613한K
315,잠실,두산,8.0,LG,3.0,-5.0,두산,2023,06,14,수,20230614두L
316,문학,키움,4.0,SK,5.0,1.0,SK,2023,06,14,수,20230614키S
318,창원,NC,1.0,삼성,4.0,3.0,삼성,2023,06,14,수,20230614N삼
319,고척,한화,2.0,KT,7.0,5.0,KT,2023,06,14,수,20230614한K
320,잠실,기아,6.0,롯데,8.0,2.0,롯데,2023,06,15,목,20230615기롯
321,문학,두산,0.0,LG,2.0,2.0,LG,2023,06,15,목,20230615두L
322,사직,키움,7.0,SK,3.0,-4.0,키움,2023,06,15,목,20230615키S
323,창원,NC,3.0,삼성,5.0,2.0,삼성,2023,06,15,목,20230615N삼
324,고척,한화,3.0,KT,6.0,3.0,KT,2023,06,15,목,20230615한K
325,잠실,기아,6.0,롯데,3.0,-3.0,기아,2023,06,16,금,20230616기롯
326,문학,삼성,8.0,두산,6.0,-2.0,삼성,2023,06,16,금,20230616삼두
329,대전,LG,4.0,키움,2.0,-2.0,LG,2023,06,16,금,20230616L키
330,잠실,롯데,2.0,한화,3.0,1.0,한화,2023,06,17,토,20230617롯한
331,문학,SK,10.0,기아,1.0,-9.0,SK,2023,06,17,토,20230617S기
332,수원,롯데,4.0,한화,9.0,5.0,한화,2023,06,17,토,20230617롯한
333,광주,SK,0.0,기아,2.0,2.0,기아,2023,06,17,토,20230617S기
334,대전,롯데,3.0,한화,4.0,1.0,한화,2023,06,17,토,20230617롯한
335,잠실,삼성,5.0,두산,3.0,-2.0,삼성,2023,06,18,일,20230618삼두
336,문학,KT,7.0,NC,3.0,-4.0,KT,2023,06,18,일,20230618KN
337,수원,LG,3.0,키움,6.0,3.0,키움,2023,06,18,일,20230618L키
338,광주,삼성,2.0,두산,6.0,4.0,두산,2023,06,18,일,20230618삼두
339,대전,KT,1.0,NC,9.0,8.0,NC,2023,06,18,일,20230618KN
340,잠실,SK,6.0,기아,3.0,-3.0,SK,2023,06,20,화,20230620S기
341,대구,LG,6.0,키움,5.0,-1.0,LG,2023,06,20,화,20230620L키
342,창원,롯데,9.0,한화,2.0,-7.0,롯데,2023,06,20,화,20230620롯한
343,수원,기아,0.0,LG,5.0,5.0,LG,2023,06,20,화,20230620기L
344,대전,삼성,4.0,롯데,7.0,3.0,롯데,2023,06,20,화,20230620삼롯
345,잠실,두산,11.0,KT,3.0,-8.0,두산,2023,06,21,수,20230621두K
346,대구,SK,3.0,한화,4.0,1.0,한화,2023,06,21,수,20230621S한
347,창원,키움,0.0,NC,5.0,5.0,NC,2023,06,21,수,20230621키N
348,수원,두산,9.0,KT,3.0,-6.0,두산,2023,06,21,수,20230621두K
349,대전,기아,2.0,LG,7.0,5.0,LG,2023,06,21,수,20230621기L
350,잠실,삼성,9.0,롯데,1.0,-8.0,삼성,2023,06,22,목,20230622삼롯
351,대구,키움,12.0,NC,7.0,-5.0,키움,2023,06,22,목,20230622키N
352,창원,SK,7.0,한화,5.0,-2.0,SK,2023,06,22,목,20230622S한
353,수원,두산,3.0,KT,4.0,1.0,KT,2023,06,22,목,20230622두K
354,대전,기아,0.0,LG,6.0,6.0,LG,2023,06,22,목,20230622기L
355,잠실,삼성,7.0,롯데,8.0,1.0,롯데,2023,06,23,금,20230623삼롯
356,문학,키움,8.0,NC,4.0,-4.0,키움,2023,06,23,금,20230623키N
357,창원,두산,1.0,KT,4.0,3.0,KT,2023,06,23,금,20230623두K
358,광주,SK,4.0,한화,3.0,-1.0,SK,2023,06,23,금,20230623S한
359,고척,키움,3.0,두산,10.0,7.0,두산,2023,06,23,금,20230623키두
360,잠실,LG,14.0,SK,1.0,-13.0,LG,2023,06,24,토,20230624LS
361,문학,NC,5.0,롯데,2.0,-3.0,NC,2023,06,24,토,20230624N롯
362,창원,한화,0.0,삼성,9.0,9.0,삼성,2023,06,24,토,20230624한삼
363,광주,기아,3.0,KT,6.0,3.0,KT,2023,06,24,토,20230624기K
364,고척,키움,4.0,두산,3.0,-1.0,키움,2023,06,24,토,20230624키두
365,고척,LG,4.0,SK,7.0,3.0,SK,2023,06,25,일,20230625LS
366,잠실,NC,7.0,롯데,13.0,6.0,롯데,2023,06,25,일,20230625N롯
367,문학,한화,0.0,삼성,3.0,3.0,삼성,2023,06,25,일,20230625한삼
368,창원,기아,2.0,KT,1.0,-1.0,기아,2023,06,25,일,20230625기K
369,광주,키움,2.0,두산,1.0,-1.0,키움,2023,06,25,일,20230625키두
370,잠실,LG,5.0,SK,8.0,3.0,SK,2023,06,27,화,20230627LS
371,문학,NC,6.0,롯데,4.0,-2.0,NC,2023,06,27,화,20230627N롯
372,사직,한화,2.0,삼성,3.0,1.0,삼성,2023,06,27,화,20230627한삼
373,광주,기아,3.0,KT,6.0,3.0,KT,2023,06,27,화,20230627기K
374,대전,롯데,9.0,두산,1.0,-8.0,롯데,2023,06,27,화,20230627롯두
376,문학,기아,5.0,키움,14.0,9.0,키움,2023,06,28,수,20230628기키
377,사직,KT,2.0,한화,0.0,-2.0,KT,2023,06,28,수,20230628K한
378,광주,SK,10.0,NC,11.0,1.0,NC,2023,06,28,수,20230628SN
379,대전,LG,10.0,삼성,5.0,-5.0,LG,2023,06,28,수,20230628L삼
380,잠실,롯데,4.0,두산,3.0,-1.0,롯데,2023,06,29,목,20230629롯두
381,문학,SK,10.0,NC,10.0,0.0,무승부,2023,06,29,목,20230629SN
382,사직,기아,1.0,키움,6.0,5.0,키움,2023,06,29,목,20230629기키
383,광주,KT,11.0,한화,2.0,-9.0,KT,2023,06,29,목,20230629K한
384,대전,LG,7.0,삼성,10.0,3.0,삼성,2023,06,29,목,20230629L삼
385,잠실,롯데,7.0,두산,6.0,-1.0,롯데,2023,06,30,금,20230630롯두
386,대구,LG,9.0,삼성,5.0,-4.0,LG,2023,06,30,금,20230630L삼
387,수원,SK,3.0,NC,4.0,1.0,NC,2023,06,30,금,20230630SN
388,고척,기아,4.0,키움,5.0,1.0,키움,2023,06,30,금,20230630기키
389,울산,KT,11.0,한화,1.0,-10.0,KT,2023,06,30,금,20230630K한
391,대구,삼성,3.0,SK,10.0,7.0,SK,2023,07,01,토,20230701삼S
392,수원,NC,7.0,기아,3.0,-4.0,NC,2023,07,01,토,20230701N기
393,고척,롯데,13.0,키움,5.0,-8.0,롯데,2023,07,01,토,20230701롯키
396,잠실,삼성,3.0,SK,3.0,0.0,무승부,2023,07,02,일,20230702삼S
397,대구,삼성,4.0,SK,8.0,4.0,SK,2023,07,02,일,20230702삼S
398,수원,KT,4.0,LG,3.0,-1.0,KT,2023,07,02,일,20230702KL
400,잠실,롯데,5.0,키움,6.0,1.0,키움,2023,07,04,화,20230704롯키
401,문학,두산,8.0,한화,6.0,-2.0,두산,2023,07,04,화,20230704두한
402,고척,KT,6.0,LG,1.0,-5.0,KT,2023,07,04,화,20230704KL
403,대전,삼성,8.0,SK,7.0,-1.0,삼성,2023,07,04,화,20230704삼S
404,포항,NC,3.0,기아,6.0,3.0,기아,2023,07,04,화,20230704N기
405,잠실,롯데,1.0,키움,13.0,12.0,키움,2023,07,05,수,20230705롯키
406,문학,두산,10.0,한화,3.0,-7.0,두산,2023,07,05,수,20230705두한
407,고척,한화,5.0,LG,3.0,-2.0,한화,2023,07,05,수,20230705한L
408,대전,롯데,6.0,SK,5.0,-1.0,롯데,2023,07,05,수,20230705롯S
409,포항,키움,1.0,KT,4.0,3.0,KT,2023,07,05,수,20230705키K
410,잠실,두산,3.0,기아,8.0,5.0,기아,2023,07,06,목,20230706두기
411,문학,삼성,5.0,NC,2.0,-3.0,삼성,2023,07,06,목,20230706삼N
417,창원,한화,0.0,LG,5.0,5.0,LG,2023,07,07,금,20230707한L
418,수원,롯데,6.0,SK,4.0,-2.0,롯데,2023,07,07,금,20230707롯S
419,대전,삼성,5.0,NC,0.0,-5.0,삼성,2023,07,07,금,20230707삼N
420,잠실,키움,3.0,KT,12.0,9.0,KT,2023,07,08,토,20230708키K
421,사직,두산,3.0,기아,7.0,4.0,기아,2023,07,08,토,20230708두기
422,창원,한화,6.0,LG,7.0,1.0,LG,2023,07,08,토,20230708한L
423,수원,롯데,4.0,SK,10.0,6.0,SK,2023,07,08,토,20230708롯S
425,잠실,키움,15.0,KT,5.0,-10.0,키움,2023,07,09,일,20230709키K
427,창원,NC,7.0,두산,3.0,-4.0,NC,2023,07,09,일,20230709N두
430,잠실,SK,0.0,키움,4.0,4.0,키움,2023,07,11,화,20230711S키
432,창원,NC,2.0,두산,4.0,2.0,두산,2023,07,11,화,20230711N두
435,잠실,SK,2.0,키움,8.0,6.0,키움,2023,07,12,수,20230712S키
436,문학,기아,4.0,한화,1.0,-3.0,기아,2023,07,12,수,20230712기한
439,고척,KT,3.0,삼성,2.0,-1.0,KT,2023,07,12,수,20230712K삼
440,잠실,SK,9.0,키움,3.0,-6.0,SK,2023,07,13,목,20230713S키
443,광주,한화,9.0,SK,3.0,-6.0,한화,2023,07,13,목,20230713한S
444,고척,롯데,9.0,삼성,5.0,-4.0,롯데,2023,07,13,목,20230713롯삼
445,잠실,KT,4.0,기아,10.0,6.0,기아,2023,07,21,금,20230721K기
448,광주,한화,3.0,SK,1.0,-2.0,한화,2023,07,21,금,20230721한S
449,대전,롯데,2.0,삼성,3.0,1.0,삼성,2023,07,21,금,20230721롯삼
453,광주,한화,2.0,SK,8.0,6.0,SK,2023,07,22,토,20230722한S
454,대전,롯데,0.0,삼성,11.0,11.0,삼성,2023,07,22,토,20230722롯삼
455,잠실,KT,0.0,기아,2.0,2.0,기아,2023,07,23,일,20230723K기
487,문학,SK,0.0,LG,4.0,4.0,LG,2023,07,30,일,20230730SL
489,광주,롯데,5.0,NC,2.0,-3.0,롯데,2023,07,30,일,20230730롯N
490,잠실,한화,1.0,기아,4.0,3.0,기아,2023,08,01,화,20230801한기
491,사직,KT,1.0,키움,3.0,2.0,키움,2023,08,01,화,20230801K키
492,수원,SK,5.0,LG,12.0,7.0,LG,2023,08,01,화,20230801SL
493,대전,두산,8.0,삼성,6.0,-2.0,두산,2023,08,01,화,20230801두삼
494,포항,롯데,5.0,NC,4.0,-1.0,롯데,2023,08,01,화,20230801롯N
495,잠실,한화,7.0,기아,7.0,0.0,무승부,2023,08,02,수,20230802한기
496,사직,KT,1.0,키움,4.0,3.0,키움,2023,08,02,수,20230802K키
498,대전,두산,2.0,삼성,9.0,7.0,삼성,2023,08,02,수,20230802두삼
499,포항,롯데,4.0,NC,5.0,1.0,NC,2023,08,02,수,20230802롯N
501,사직,KT,4.0,키움,6.0,2.0,키움,2023,08,03,목,20230803K키
502,수원,롯데,2.0,LG,0.0,-2.0,롯데,2023,08,03,목,20230803롯L
503,대전,기아,8.0,SK,1.0,-7.0,기아,2023,08,03,목,20230803기S
504,포항,삼성,6.0,KT,7.0,1.0,KT,2023,08,03,목,20230803삼K
505,잠실,두산,16.0,키움,9.0,-7.0,두산,2023,08,04,금,20230804두키
506,사직,NC,5.0,한화,1.0,-4.0,NC,2023,08,04,금,20230804N한
507,대구,롯데,4.0,LG,3.0,-1.0,롯데,2023,08,04,금,20230804롯L
508,창원,기아,2.0,SK,2.0,0.0,무승부,2023,08,04,금,20230804기S
509,광주,삼성,4.0,KT,8.0,4.0,KT,2023,08,04,금,20230804삼K
510,잠실,두산,1.0,키움,5.0,4.0,키움,2023,08,05,토,20230805두키
511,사직,NC,9.0,한화,9.0,0.0,무승부,2023,08,05,토,20230805N한
512,대구,롯데,1.0,LG,7.0,6.0,LG,2023,08,05,토,20230805롯L
513,창원,기아,5.0,SK,10.0,5.0,SK,2023,08,05,토,20230805기S
514,광주,삼성,4.0,KT,6.0,2.0,KT,2023,08,05,토,20230805삼K
515,잠실,두산,1.0,키움,8.0,7.0,키움,2023,08,06,일,20230806두키
516,사직,NC,3.0,한화,3.0,0.0,무승부,2023,08,06,일,20230806N한
519,광주,키움,0.0,롯데,1.0,1.0,롯데,2023,08,06,일,20230806키롯
520,잠실,LG,5.0,KT,5.0,0.0,무승부,2023,08,08,화,20230808LK
521,문학,삼성,2.0,한화,4.0,2.0,한화,2023,08,08,화,20230808삼한
522,수원,기아,7.0,두산,3.0,-4.0,기아,2023,08,08,화,20230808기두
523,광주,NC,1.0,SK,6.0,5.0,SK,2023,08,08,화,20230808NS
524,고척,키움,0.0,롯데,3.0,3.0,롯데,2023,08,08,화,20230808키롯
525,잠실,LG,1.0,KT,8.0,7.0,KT,2023,08,09,수,20230809LK
526,문학,삼성,6.0,한화,2.0,-4.0,삼성,2023,08,09,수,20230809삼한
527,수원,기아,5.0,두산,5.0,0.0,무승부,2023,08,09,수,20230809기두
528,광주,NC,8.0,SK,5.0,-3.0,NC,2023,08,09,수,20230809NS
530,잠실,LG,1.0,KT,0.0,-1.0,LG,2023,08,10,목,20230810LK
531,문학,삼성,11.0,한화,3.0,-8.0,삼성,2023,08,10,목,20230810삼한
532,수원,한화,1.0,두산,9.0,8.0,두산,2023,08,10,목,20230810한두
533,광주,KT,5.0,롯데,4.0,-1.0,KT,2023,08,10,목,20230810K롯
534,고척,SK,2.0,삼성,3.0,1.0,삼성,2023,08,10,목,20230810S삼
535,잠실,키움,2.0,기아,3.0,1.0,기아,2023,08,11,금,20230811키기
536,문학,LG,3.0,NC,8.0,5.0,NC,2023,08,11,금,20230811LN
537,사직,한화,3.0,두산,1.0,-2.0,한화,2023,08,11,금,20230811한두
542,사직,한화,11.0,두산,3.0,-8.0,한화,2023,08,12,토,20230812한두
543,수원,KT,3.0,롯데,1.0,-2.0,KT,2023,08,12,토,20230812K롯
544,대전,SK,4.0,삼성,4.0,0.0,무승부,2023,08,12,토,20230812S삼
545,잠실,LG,3.0,NC,4.0,1.0,NC,2023,08,13,일,20230813LN
546,문학,키움,6.0,기아,1.0,-5.0,키움,2023,08,13,일,20230813키기
548,수원,KT,2.0,롯데,6.0,4.0,롯데,2023,08,13,일,20230813K롯
552,대구,한화,8.0,두산,11.0,3.0,두산,2023,08,15,화,20230815한두
554,광주,SK,8.0,삼성,9.0,1.0,삼성,2023,08,15,화,20230815S삼
556,사직,키움,8.0,기아,2.0,-6.0,키움,2023,08,16,수,20230816키기
557,대구,삼성,3.0,LG,3.0,0.0,무승부,2023,08,16,수,20230816삼L
559,광주,SK,1.0,KT,7.0,6.0,KT,2023,08,16,수,20230816SK
560,잠실,롯데,6.0,기아,11.0,5.0,기아,2023,08,17,목,20230817롯기
561,사직,한화,7.0,키움,2.0,-5.0,한화,2023,08,17,목,20230817한키
562,대구,두산,7.0,NC,0.0,-7.0,두산,2023,08,17,목,20230817두N
563,창원,두산,5.0,NC,3.0,-2.0,두산,2023,08,17,목,20230817두N
564,광주,삼성,3.0,LG,4.0,1.0,LG,2023,08,17,목,20230817삼L
565,잠실,SK,5.0,KT,10.0,5.0,KT,2023,08,18,금,20230818SK
566,문학,롯데,3.0,기아,3.0,0.0,무승부,2023,08,18,금,20230818롯기
567,대구,한화,4.0,키움,4.0,0.0,무승부,2023,08,18,금,20230818한키
568,고척,삼성,1.0,LG,3.0,2.0,LG,2023,08,18,금,20230818삼L
569,대전,SK,4.0,KT,6.0,2.0,KT,2023,08,18,금,20230818SK
571,잠실,한화,3.0,키움,4.0,1.0,키움,2023,08,19,토,20230819한키
572,문학,두산,2.0,NC,4.0,2.0,NC,2023,08,19,토,20230819두N
573,대구,키움,2.0,LG,3.0,1.0,LG,2023,08,19,토,20230819키L
574,대전,기아,4.0,SK,12.0,8.0,SK,2023,08,19,토,20230819기S
575,고척,두산,10.0,롯데,10.0,0.0,무승부,2023,08,20,일,20230820두롯
576,잠실,삼성,6.0,KT,5.0,-1.0,삼성,2023,08,20,일,20230820삼K
577,문학,NC,1.0,한화,9.0,8.0,한화,2023,08,20,일,20230820N한
578,대구,키움,2.0,LG,11.0,9.0,LG,2023,08,20,일,20230820키L
579,대전,기아,0.0,SK,9.0,9.0,SK,2023,08,20,일,20230820기S
580,잠실,두산,2.0,롯데,4.0,2.0,롯데,2023,08,22,화,20230822두롯
581,문학,삼성,3.0,KT,8.0,5.0,KT,2023,08,22,화,20230822삼K
582,수원,NC,2.0,한화,3.0,1.0,한화,2023,08,22,화,20230822N한
585,잠실,LG,9.0,롯데,4.0,-5.0,LG,2023,08,23,수,20230823L롯
586,문학,키움,2.0,삼성,3.0,1.0,삼성,2023,08,23,수,20230823키삼
587,수원,KT,2.0,한화,5.0,3.0,한화,2023,08,23,수,20230823K한
588,고척,기아,0.0,두산,5.0,5.0,두산,2023,08,23,수,20230823기두
589,대전,NC,9.0,SK,2.0,-7.0,NC,2023,08,23,수,20230823NS
590,잠실,키움,1.0,삼성,7.0,6.0,삼성,2023,08,24,목,20230824키삼
591,문학,기아,3.0,두산,2.0,-1.0,기아,2023,08,24,목,20230824기두
592,수원,NC,4.0,SK,9.0,5.0,SK,2023,08,24,목,20230824NS
595,잠실,KT,8.0,한화,3.0,-5.0,KT,2023,08,25,금,20230825K한
596,사직,NC,0.0,LG,5.0,5.0,LG,2023,08,25,금,20230825NL
597,대구,두산,1.0,SK,10.0,9.0,SK,2023,08,25,금,20230825두S
599,광주,삼성,5.0,기아,1.0,-4.0,삼성,2023,08,25,금,20230825삼기
600,잠실,KT,0.0,키움,1.0,1.0,키움,2023,08,26,토,20230826K키
601,사직,한화,3.0,롯데,6.0,3.0,롯데,2023,08,26,토,20230826한롯
602,대구,한화,0.0,롯데,2.0,2.0,롯데,2023,08,26,토,20230826한롯
603,창원,NC,5.0,LG,2.0,-3.0,NC,2023,08,26,토,20230826NL
604,광주,두산,1.0,SK,3.0,2.0,SK,2023,08,26,토,20230826두S
605,잠실,삼성,9.0,기아,3.0,-6.0,삼성,2023,08,27,일,20230827삼기
606,사직,KT,11.0,키움,1.0,-10.0,KT,2023,08,27,일,20230827K키
607,대구,KT,11.0,LG,1.0,-10.0,KT,2023,08,27,일,20230827KL
608,창원,두산,4.0,삼성,11.0,7.0,삼성,2023,08,27,일,20230827두삼
609,광주,롯데,8.0,NC,2.0,-6.0,롯데,2023,08,27,일,20230827롯N
610,잠실,SK,2.0,키움,9.0,7.0,키움,2023,08,29,화,20230829S키
611,문학,기아,2.0,한화,6.0,4.0,한화,2023,08,29,화,20230829기한
612,수원,KT,11.0,LG,0.0,-11.0,KT,2023,08,29,화,20230829KL
613,광주,두산,6.0,삼성,5.0,-1.0,두산,2023,08,29,화,20230829두삼
614,대전,롯데,3.0,NC,9.0,6.0,NC,2023,08,29,화,20230829롯N
615,잠실,SK,8.0,키움,10.0,2.0,키움,2023,08,30,수,20230830S키
616,문학,기아,5.0,한화,5.0,0.0,무승부,2023,08,30,수,20230830기한
619,대전,롯데,4.0,삼성,2.0,-2.0,롯데,2023,08,30,수,20230830롯삼
620,잠실,한화,4.0,NC,16.0,12.0,NC,2023,08,31,목,20230831한N
622,수원,키움,1.0,두산,7.0,6.0,두산,2023,08,31,목,20230831키두
623,광주,LG,3.0,SK,5.0,2.0,SK,2023,08,31,목,20230831LS
624,대전,롯데,5.0,삼성,4.0,-1.0,롯데,2023,08,31,목,20230831롯삼
625,잠실,한화,3.0,NC,1.0,-2.0,한화,2023,09,01,금,20230901한N
626,문학,기아,5.0,KT,5.0,0.0,무승부,2023,09,01,금,20230901기K
627,사직,한화,1.0,LG,8.0,7.0,LG,2023,09,01,금,20230901한L
628,대구,SK,9.0,롯데,2.0,-7.0,SK,2023,09,01,금,20230901S롯
629,고척,KT,7.0,삼성,8.0,1.0,삼성,2023,09,01,금,20230901K삼
630,잠실,두산,6.0,NC,2.0,-4.0,두산,2023,09,02,토,20230902두N
631,문학,기아,3.0,키움,5.0,2.0,키움,2023,09,02,토,20230902기키
632,사직,한화,0.0,LG,2.0,2.0,LG,2023,09,02,토,20230902한L
633,대구,SK,3.0,롯데,4.0,1.0,롯데,2023,09,02,토,20230902S롯
634,고척,KT,2.0,삼성,2.0,0.0,무승부,2023,09,02,토,20230902K삼
635,잠실,기아,3.0,키움,4.0,1.0,키움,2023,09,03,일,20230903기키
636,문학,두산,8.0,NC,1.0,-7.0,두산,2023,09,03,일,20230903두N
637,사직,LG,5.0,두산,5.0,0.0,무승부,2023,09,03,일,20230903L두
638,대구,키움,13.0,롯데,7.0,-6.0,키움,2023,09,03,일,20230903키롯
639,고척,SK,2.0,KT,2.0,0.0,무승부,2023,09,03,일,20230903SK
640,사직,NC,3.0,기아,5.0,2.0,기아,2023,09,04,월,20230904N기
641,잠실,삼성,5.0,한화,4.0,-1.0,삼성,2023,09,05,화,20230905삼한
642,창원,LG,5.0,두산,8.0,3.0,두산,2023,09,05,화,20230905L두
643,수원,키움,8.0,롯데,3.0,-5.0,키움,2023,09,05,화,20230905키롯
644,대전,SK,0.0,KT,10.0,10.0,KT,2023,09,05,화,20230905SK
645,울산,NC,8.0,기아,2.0,-6.0,NC,2023,09,05,화,20230905N기
646,잠실,삼성,3.0,한화,3.0,0.0,무승부,2023,09,06,수,20230906삼한
647,창원,LG,5.0,두산,8.0,3.0,두산,2023,09,06,수,20230906L두
648,수원,키움,2.0,롯데,3.0,1.0,롯데,2023,09,06,수,20230906키롯
649,대전,SK,2.0,KT,3.0,1.0,KT,2023,09,06,수,20230906SK
650,울산,NC,3.0,기아,0.0,-3.0,NC,2023,09,06,수,20230906N기
651,잠실,삼성,6.0,한화,6.0,0.0,무승부,2023,09,07,목,20230907삼한
652,창원,KT,4.0,두산,3.0,-1.0,KT,2023,09,07,목,20230907K두
653,수원,한화,11.0,SK,5.0,-6.0,한화,2023,09,07,목,20230907한S
654,대전,LG,3.0,삼성,3.0,0.0,무승부,2023,09,07,목,20230907L삼
655,울산,키움,8.0,NC,10.0,2.0,NC,2023,09,07,목,20230907키N
656,잠실,롯데,8.0,기아,7.0,-1.0,롯데,2023,09,08,금,20230908롯기
657,창원,롯데,6.0,기아,3.0,-3.0,롯데,2023,09,08,금,20230908롯기
658,수원,롯데,3.0,기아,5.0,2.0,기아,2023,09,08,금,20230908롯기
659,광주,KT,2.0,두산,6.0,4.0,두산,2023,09,08,금,20230908K두
660,고척,한화,6.0,SK,9.0,3.0,SK,2023,09,08,금,20230908한S
661,잠실,LG,5.0,삼성,2.0,-3.0,LG,2023,09,09,토,20230909L삼
662,창원,키움,2.0,NC,13.0,11.0,NC,2023,09,09,토,20230909키N
663,광주,SK,3.0,두산,3.0,0.0,무승부,2023,09,09,토,20230909S두
664,고척,기아,6.0,삼성,5.0,-1.0,기아,2023,09,09,토,20230909기삼
665,수원,LG,0.0,NC,2.0,2.0,NC,2023,09,09,토,20230909LN
666,잠실,롯데,4.0,KT,7.0,3.0,KT,2023,09,09,토,20230909롯K
667,창원,한화,8.0,키움,8.0,0.0,무승부,2023,09,09,토,20230909한키
669,고척,SK,2.0,두산,7.0,5.0,두산,2023,09,09,토,20230909S두
670,잠실,기아,3.0,삼성,6.0,3.0,삼성,2023,09,10,일,20230910기삼
671,창원,LG,4.0,NC,6.0,2.0,NC,2023,09,10,일,20230910LN
672,수원,롯데,2.0,KT,0.0,-2.0,롯데,2023,09,10,일,20230910롯K
673,광주,한화,15.0,키움,5.0,-10.0,한화,2023,09,10,일,20230910한키
674,고척,기아,9.0,LG,6.0,-3.0,기아,2023,09,10,일,20230910기L
675,잠실,삼성,9.0,SK,4.0,-5.0,삼성,2023,09,12,화,20230912삼S
676,문학,KT,8.0,NC,1.0,-7.0,KT,2023,09,12,화,20230912KN
677,사직,두산,3.0,키움,3.0,0.0,무승부,2023,09,12,화,20230912두키
678,대구,롯데,2.0,한화,13.0,11.0,한화,2023,09,12,화,20230912롯한
679,잠실,기아,3.0,LG,4.0,1.0,LG,2023,09,13,수,20230913기L
680,창원,삼성,4.0,SK,4.0,0.0,무승부,2023,09,13,수,20230913삼S
681,광주,KT,8.0,NC,2.0,-6.0,KT,2023,09,13,수,20230913KN
682,잠실,두산,6.0,키움,0.0,-6.0,두산,2023,09,14,목,20230914두키
683,대구,롯데,3.0,한화,1.0,-2.0,롯데,2023,09,14,목,20230914롯한
684,창원,NC,2.0,두산,12.0,10.0,두산,2023,09,14,목,20230914N두
685,광주,키움,10.0,SK,13.0,3.0,SK,2023,09,14,목,20230914키S
686,사직,삼성,11.0,롯데,9.0,-2.0,삼성,2023,09,15,금,20230915삼롯
687,창원,KT,11.0,기아,5.0,-6.0,KT,2023,09,15,금,20230915K기
688,광주,LG,6.0,한화,15.0,9.0,한화,2023,09,15,금,20230915L한
689,대전,NC,0.0,두산,8.0,8.0,두산,2023,09,15,금,20230915N두
690,잠실,키움,7.0,SK,7.0,0.0,무승부,2023,09,16,토,20230916키S
691,사직,삼성,8.0,롯데,17.0,9.0,롯데,2023,09,16,토,20230916삼롯
692,창원,KT,2.0,기아,7.0,5.0,기아,2023,09,16,토,20230916K기
693,광주,LG,12.0,한화,3.0,-9.0,LG,2023,09,16,토,20230916L한
694,대전,삼성,7.0,LG,4.0,-3.0,삼성,2023,09,16,토,20230916삼L
695,대구,롯데,8.0,SK,9.0,1.0,SK,2023,09,17,일,20230917롯S
696,광주,한화,1.0,KT,3.0,2.0,KT,2023,09,17,일,20230917한K
697,잠실,두산,3.0,기아,1.0,-2.0,두산,2023,09,17,일,20230917두기
698,대전,NC,1.0,키움,4.0,3.0,키움,2023,09,17,일,20230917N키
699,잠실,롯데,4.0,SK,9.0,5.0,SK,2023,09,17,일,20230917롯S
700,대전,롯데,6.0,SK,6.0,0.0,무승부,2023,09,17,일,20230917롯S
701,광주,삼성,3.0,LG,11.0,8.0,LG,2023,09,18,월,20230918삼L
702,대전,한화,4.0,KT,1.0,-3.0,한화,2023,09,18,월,20230918한K
703,잠실,두산,8.0,기아,2.0,-6.0,두산,2023,09,19,화,20230919두기
704,사직,NC,2.0,키움,3.0,1.0,키움,2023,09,19,화,20230919N키
705,수원,한화,5.0,두산,1.0,-4.0,한화,2023,09,19,화,20230919한두
706,광주,NC,0.0,삼성,1.0,1.0,삼성,2023,09,19,화,20230919N삼
707,대전,LG,0.0,KT,0.0,0.0,무승부,2023,09,19,화,20230919LK
708,잠실,SK,1.0,기아,7.0,6.0,기아,2023,09,20,수,20230920S기
709,대구,롯데,12.0,키움,6.0,-6.0,롯데,2023,09,20,수,20230920롯키
710,수원,한화,3.0,두산,5.0,2.0,두산,2023,09,20,수,20230920한두
711,광주,NC,0.0,삼성,1.0,1.0,삼성,2023,09,20,수,20230920N삼
712,대전,LG,4.0,KT,0.0,-4.0,LG,2023,09,20,수,20230920LK
713,문학,SK,5.0,기아,6.0,1.0,기아,2023,09,21,목,20230921S기
714,대구,롯데,2.0,키움,11.0,9.0,키움,2023,09,21,목,20230921롯키
715,수원,롯데,2.0,LG,5.0,3.0,LG,2023,09,21,목,20230921롯L
716,고척,SK,7.0,삼성,2.0,-5.0,SK,2023,09,21,목,20230921S삼
717,대전,기아,9.0,NC,10.0,1.0,NC,2023,09,21,목,20230921기N
718,잠실,두산,1.0,KT,5.0,4.0,KT,2023,09,22,금,20230922두K
719,문학,키움,1.0,한화,1.0,0.0,무승부,2023,09,22,금,20230922키한
720,대구,기아,1.0,NC,4.0,3.0,NC,2023,09,22,금,20230922기N
724,문학,두산,8.0,KT,3.0,-5.0,두산,2023,09,23,토,20230923두K
726,광주,두산,4.0,LG,12.0,8.0,LG,2023,09,23,토,20230923두L
727,잠실,KT,4.0,롯데,8.0,4.0,롯데,2023,09,24,일,20230924K롯
728,문학,한화,2.0,삼성,6.0,4.0,삼성,2023,09,24,일,20230924한삼
729,창원,SK,2.0,NC,6.0,4.0,NC,2023,09,24,일,20230924SN
730,광주,키움,2.0,기아,0.0,-2.0,키움,2023,09,24,일,20230924키기
